participant,source_range,source_name,display_name,participant_roster_position,seasonal_ssot_position,player_id,current_or_time_valid_club,bundesliga_membership_state,club_id,identity_status,legitimation_ref,ssot_version_id,g3_release_id,g3_evidence_id,dec030_evidence_reference,club_position_evidence_reference,mapping_status,notes
Tim,A2:C2,Ulreich,Sven Ulreich,T,T,2627f38e-51a4-4c35-80bc-56f64e1da8b3,FC Bayern München,CURRENT_BUNDESLIGA_CLUB,5e5baf09-5fef-46b3-8db4-361565c5a484,IDENTITY_LEGITIMATED,ssot-legit:3efd30b0-d4e8-456f-9585-98742dfff34a,,,,pilot_data/w3_1/ssot_supply/evidence-run-01/dec030-bayern-player-decisions-2026-09-05.json,pilot_data/w3_1/ssot_supply/evidence-run-01/canonical/kicker-roster-bayern-2026-27-full.json,PASS,Identity/position/club evidence present; not claimed as materialized in W3.1 Mathias-36 release scope.
Tim,A3:C3,Baumann,Oliver Baumann,T,T,ff677472-bef0-4acb-af87-ea0a6b1c27d9,TSG Hoffenheim,CURRENT_BUNDESLIGA_CLUB,eabf1c96-ac52-467b-934e-b11a9843778b,IDENTITY_LEGITIMATED,ssot-legit:faead71e-29f5-4a29-bd77-48bec2f15609,,,,pilot_data/w3_1/ssot_supply/evidence-run-01/dec030-hoffenheim-player-decisions-2026-09-05.json,pilot_data/w3_1/ssot_supply/evidence-run-01/canonical/kicker-roster-hoffenheim-2026-27-full.json,PASS,Identity/position/club evidence present; not claimed as materialized in W3.1 Mathias-36 release scope.
Tim,A4:C4,Nicolas,Moritz Nicolas,T,T,27f734ea-b921-4eed-aa20-236f3cc637e6,Borussia Mönchengladbach,CURRENT_BUNDESLIGA_CLUB,f97c8435-a5dd-4a19-8d09-347f6fa31a4f,IDENTITY_LEGITIMATED,ssot-legit:8fc15eba-2c16-4f06-adcd-a06ed8f83bb7,,,,pilot_data/w3_1/ssot_supply/evidence-run-01/dec030-gladbach-player-decisions-2026-09-05.json,pilot_data/w3_1/ssot_supply/evidence-run-01/canonical/kicker-roster-gladbach-2026-27-full.json,PASS,Identity/position/club evidence present; not claimed as materialized in W3.1 Mathias-36 release scope.
Tim,A5:C5,Olschowsky,Jan Olschowsky,T,T,61508042-8156-4cc7-b83e-7d759ed14a19,Borussia Mönchengladbach,CURRENT_BUNDESLIGA_CLUB,f97c8435-a5dd-4a19-8d09-347f6fa31a4f,IDENTITY_LEGITIMATED,ssot-legit:369a32c7-2c49-4e03-98c4-6a1881b47bfe,,,,pilot_data/w3_1/ssot_supply/evidence-run-01/dec030-gladbach-player-decisions-2026-09-05.json,pilot_data/w3_1/ssot_supply/evidence-run-01/canonical/kicker-roster-gladbach-2026-27-full.json,PASS,Identity/position/club evidence present; not claimed as materialized in W3.1 Mathias-36 release scope.
Tim,A6:C6,Widmer,Silvan Widmer,A,A,ea80f7c0-3986-47ae-bc70-f21da1d1634c,1. FSV Mainz 05,CURRENT_BUNDESLIGA_CLUB,32d37292-0b2b-462e-a536-fa9fbe6d28ae,IDENTITY_LEGITIMATED,ssot-legit:765ea72a-4c5a-4251-ae2d-4b284046dd5d,,,,pilot_data/w3_1/ssot_supply/evidence-run-01/dec030-mainz-player-decisions-2026-09-05.json,pilot_data/w3_1/ssot_supply/evidence-run-01/canonical/kicker-roster-mainz-2026-27-full.json,PASS,Identity/position/club evidence present; not claimed as materialized in W3.1 Mathias-36 release scope.
Tim,A7:C7,Tah,Jonathan Tah,A,A,2cbc521e-04c6-4d9e-9bfc-1d12ee3cd89d,FC Bayern München,CURRENT_BUNDESLIGA_CLUB,5e5baf09-5fef-46b3-8db4-361565c5a484,IDENTITY_LEGITIMATED,ssot-legit:6e932e18-ed5a-46d5-ae4d-b38de540d06e,,,,pilot_data/w3_1/ssot_supply/evidence-run-01/dec030-bayern-player-decisions-2026-09-05.json,pilot_data/w3_1/ssot_supply/evidence-run-01/canonical/kicker-roster-bayern-2026-27-full.json,PASS,Identity/position/club evidence present; not claimed as materialized in W3.1 Mathias-36 release scope.
Tim,A8:C8,Upamecano,Dayot Upamecano,A,A,5257bf71-023e-4f9e-a22a-5fa3f20251f6,FC Bayern München,CURRENT_BUNDESLIGA_CLUB,5e5baf09-5fef-46b3-8db4-361565c5a484,IDENTITY_LEGITIMATED,ssot-legit:4c2c99f8-abf9-422a-a95e-7758bae93d2d,,,,pilot_data/w3_1/ssot_supply/evidence-run-01/dec030-bayern-player-decisions-2026-09-05.json,pilot_data/w3_1/ssot_supply/evidence-run-01/canonical/kicker-roster-bayern-2026-27-full.json,PASS,Identity/position/club evidence present; not claimed as materialized in W3.1 Mathias-36 release scope.
Tim,A9:C9,Boey,Sacha Boey,A,A,3c2e098e-2d12-46dc-945d-4c56dfcd4542,FC Bayern München,CURRENT_BUNDESLIGA_CLUB,5e5baf09-5fef-46b3-8db4-361565c5a484,IDENTITY_LEGITIMATED,ssot-legit:ba4563dc-0190-4cfa-9ab8-d4e0bb48b810,,,,pilot_data/w3_1/ssot_supply/evidence-run-01/dec030-bayern-player-decisions-2026-09-05.json,pilot_data/w3_1/ssot_supply/evidence-run-01/canonical/kicker-roster-bayern-2026-27-full.json,PASS,Identity/position/club evidence present; not claimed as materialized in W3.1 Mathias-36 release scope.
Tim,A10:C10,Vagnoman,Josha Vagnoman,A,A,b017bf45-9191-4df6-8d20-a6930a5ecde2,VfB Stuttgart,CURRENT_BUNDESLIGA_CLUB,1f193f57-cb65-4399-9373-7800d6600692,IDENTITY_LEGITIMATED,ssot-legit:4c92d0f1-f853-4a0d-852a-9308f3154c48,,,,pilot_data/w3_1/ssot_supply/evidence-run-01/dec030-stuttgart-player-decisions-2026-09-05.json,pilot_data/w3_1/ssot_supply/evidence-run-01/canonical/kicker-roster-stuttgart-2026-27-full.json,PASS,Identity/position/club evidence present; not claimed as materialized in W3.1 Mathias-36 release scope.
Tim,A11:C11,Ryerson,Julian Ryerson,A,A,f9177b3c-bcce-41c3-a010-a3562f933552,Borussia Dortmund,CURRENT_BUNDESLIGA_CLUB,02b0d742-c110-40ac-8bf1-ed45a4b80377,IDENTITY_LEGITIMATED,ssot-legit:30a2c3e6-5baa-43c7-b722-997d40e0624d,,,,pilot_data/w3_1/ssot_supply/evidence-run-01/dec030-dortmund-player-decisions-2026-09-05.json,pilot_data/w3_1/ssot_supply/evidence-run-01/canonical/kicker-roster-dortmund-2026-27-full.json,PASS,Identity/position/club evidence present; not claimed as materialized in W3.1 Mathias-36 release scope.
Tim,A12:C12,Agu,Felix Agu,A,A,7a0df9e5-8858-4e6f-99ee-99909eef30e1,SV Werder Bremen,CURRENT_BUNDESLIGA_CLUB,965e7790-3520-4864-8cb2-da450c415a3b,IDENTITY_LEGITIMATED,ssot-legit:e8d897a3-add8-4575-9a92-da8b94152364,,,,pilot_data/w3_1/ssot_supply/evidence-run-01/dec030-bremen-player-decisions-2026-09-05.json,pilot_data/w3_1/ssot_supply/evidence-run-01/canonical/kicker-roster-bremen-2026-27-full.json,PASS,Identity/position/club evidence present; not claimed as materialized in W3.1 Mathias-36 release scope.
Tim,A13:C13,Can,Emre Can,A,A,97d22018-526a-452f-84ad-d4abbb39c069,Borussia Dortmund,CURRENT_BUNDESLIGA_CLUB,02b0d742-c110-40ac-8bf1-ed45a4b80377,IDENTITY_LEGITIMATED,ssot-legit:59f57b65-eecd-4ebc-93d9-3c4f38cd34b6,,,,pilot_data/w3_1/ssot_supply/evidence-run-01/dec030-dortmund-player-decisions-2026-09-05.json,pilot_data/w3_1/ssot_supply/evidence-run-01/canonical/kicker-roster-dortmund-2026-27-full.json,PASS,Identity/position/club evidence present; not claimed as materialized in W3.1 Mathias-36 release scope.
Tim,A14:C14,Hanche-Olsen,Andreas Hanche-Olsen,A,A,10154093-9910-4c8c-8b8d-847a694d5af3,Chicago Fire FC,OUTSIDE_BUNDESLIGA,,IDENTITY_LEGITIMATED,ssot-legit:e0e11213-e5fa-4b17-94d6-68952ed217b4,,,,pilot_data/w3_2/comparison_ssot/dec030-comparison-rest18-2026-09-09.json,https://www.kicker.de/andreas-hanche-olsen/spieler/;https://www.chicagofirefc.com/news/chicago-fire-fc-acquires-norwegian-defender-andreas-hanche-olsen-from-bundesliga-club-mainz-05,PASS,Identity/position/club evidence present; not claimed as materialized in W3.1 Mathias-36 release scope.
Tim,A15:C15,Esteve,Maxime Estève,A,A,8b174c78-fb10-40f4-b257-c304f352eca0,RB Leipzig,CURRENT_BUNDESLIGA_CLUB,5b024d53-f276-41b4-8999-40c731f7efcb,IDENTITY_LEGITIMATED,ssot-legit:ac46847b-30f1-4c41-bb4e-922e78a132a6,,,,pilot_data/w3_1/ssot_supply/evidence-run-01/dec030-leipzig-player-decisions-2026-09-05.json,pilot_data/w3_1/ssot_supply/evidence-run-01/canonical/kicker-roster-leipzig-2026-27-full.json,PASS,Identity/position/club evidence present; not claimed as materialized in W3.1 Mathias-36 release scope.
Tim,A16:C16,Klostermann,Lukas Klostermann,A,A,163eb88e-08e0-4e4c-b9db-34421ac5d8da,RB Leipzig,CURRENT_BUNDESLIGA_CLUB,5b024d53-f276-41b4-8999-40c731f7efcb,IDENTITY_LEGITIMATED,ssot-legit:59a6bdec-0b69-4ca1-98c3-e07d15048cf1,,,,pilot_data/w3_1/ssot_supply/evidence-run-01/dec030-leipzig-player-decisions-2026-09-05.json,pilot_data/w3_1/ssot_supply/evidence-run-01/canonical/kicker-roster-leipzig-2026-27-full.json,PASS,Identity/position/club evidence present; not claimed as materialized in W3.1 Mathias-36 release scope.
Tim,A17:C17,Kone,Abdoul Koné,A,A,355f6d5f-793f-4c60-aad6-3bd3aca66ea8,RB Leipzig,CURRENT_BUNDESLIGA_CLUB,5b024d53-f276-41b4-8999-40c731f7efcb,IDENTITY_LEGITIMATED,ssot-legit:eeaeee09-bfbb-4e03-a6ae-3a9b492f5211,,,,pilot_data/w3_1/ssot_supply/evidence-run-01/dec030-leipzig-player-decisions-2026-09-05.json,pilot_data/w3_1/ssot_supply/evidence-run-01/canonical/kicker-roster-leipzig-2026-27-full.json,PASS,Identity/position/club evidence present; not claimed as materialized in W3.1 Mathias-36 release scope.
Tim,A18:C18,Hendriks,Ramon Hendriks,A,A,6b853fec-61cb-43fa-a98b-15dc212b1bae,VfB Stuttgart,CURRENT_BUNDESLIGA_CLUB,1f193f57-cb65-4399-9373-7800d6600692,IDENTITY_LEGITIMATED,ssot-legit:b9b96ca9-432a-45a3-a635-4350c912929a,,,,pilot_data/w3_1/ssot_supply/evidence-run-01/dec030-stuttgart-player-decisions-2026-09-05.json,pilot_data/w3_1/ssot_supply/evidence-run-01/canonical/kicker-roster-stuttgart-2026-27-full.json,PASS,Identity/position/club evidence present; not claimed as materialized in W3.1 Mathias-36 release scope.
Tim,A19:C19,Vazquez,Lucas Vázquez,A,A,fa95eb00-5e64-4a39-9f9e-cdd291659636,Bayer 04 Leverkusen,CURRENT_BUNDESLIGA_CLUB,03a4b4b3-6cf6-48c6-839b-d80b3a9069c3,IDENTITY_LEGITIMATED,ssot-legit:4503d2f6-086e-4d1e-ae2d-b463bd9e56e8,,,,pilot_data/w3_1/ssot_supply/evidence-run-01/dec030-leverkusen-player-decisions-2026-09-05.json,pilot_data/w3_1/ssot_supply/evidence-run-01/canonical/kicker-roster-leverkusen-2026-27-full.json,PASS,Identity/position/club evidence present; not claimed as materialized in W3.1 Mathias-36 release scope.
Tim,A37:C37,Grifo,Vincenzo Grifo,M,M,dbe2eaed-3a6f-4532-8e1b-ab4d99a41fa5,SC Freiburg,CURRENT_BUNDESLIGA_CLUB,219aec8e-8fcc-417e-a5ab-fba932920838,IDENTITY_LEGITIMATED,ssot-legit:9b264a9c-e72f-4332-bdb4-fdc2b6a8beae,,,,pilot_data/w3_1/ssot_supply/evidence-run-01/dec030-freiburg-player-decisions.json,pilot_data/w3_1/ssot_supply/evidence-run-01/canonical/kicker-roster-freiburg-2026-27-full.json,PASS,Identity/position/club evidence present; not claimed as materialized in W3.1 Mathias-36 release scope.
Tim,A38:C38,Sabitzer,Marcel Sabitzer,M,M,1372ba63-f991-4b42-872c-907620db3d55,Borussia Dortmund,CURRENT_BUNDESLIGA_CLUB,02b0d742-c110-40ac-8bf1-ed45a4b80377,IDENTITY_LEGITIMATED,ssot-legit:15cefb76-71f0-41bd-8e79-79168279898e,,,,pilot_data/w3_1/ssot_supply/evidence-run-01/dec030-dortmund-player-decisions-2026-09-05.json,pilot_data/w3_1/ssot_supply/evidence-run-01/canonical/kicker-roster-dortmund-2026-27-full.json,PASS,Identity/position/club evidence present; not claimed as materialized in W3.1 Mathias-36 release scope.
Tim,A39:C39,Stöger,Kevin Stöger,M,M,b5c40f53-51d8-4452-af5f-c2656ae5a35f,Borussia Mönchengladbach,CURRENT_BUNDESLIGA_CLUB,f97c8435-a5dd-4a19-8d09-347f6fa31a4f,IDENTITY_LEGITIMATED,ssot-legit:c9f3c5d0-e9aa-4ff5-92c9-a8e6440cd859,,,,pilot_data/w3_1/ssot_supply/evidence-run-01/dec030-gladbach-player-decisions-2026-09-05.json,pilot_data/w3_1/ssot_supply/evidence-run-01/canonical/kicker-roster-gladbach-2026-27-full.json,PASS,Identity/position/club evidence present; not claimed as materialized in W3.1 Mathias-36 release scope.
Tim,A40:C40,Prömel,Grischa Prömel,M,M,0c1d4440-b416-42f2-96c6-d104eced332b,VfB Stuttgart,CURRENT_BUNDESLIGA_CLUB,1f193f57-cb65-4399-9373-7800d6600692,IDENTITY_LEGITIMATED,ssot-legit:bfd615c4-eced-4391-8ee1-809b15aa3e3c,,,,pilot_data/w3_1/ssot_supply/evidence-run-01/dec030-stuttgart-player-decisions-2026-09-05.json,pilot_data/w3_1/ssot_supply/evidence-run-01/canonical/kicker-roster-stuttgart-2026-27-full.json,PASS,Identity/position/club evidence present; not claimed as materialized in W3.1 Mathias-36 release scope.
Tim,A41:C41,Honorat,Franck Honorat,M,M,39d2159e-f57a-4770-b87d-33c6902fd6aa,Borussia Mönchengladbach,CURRENT_BUNDESLIGA_CLUB,f97c8435-a5dd-4a19-8d09-347f6fa31a4f,IDENTITY_LEGITIMATED,ssot-legit:1a0fcf76-b93a-489e-b23b-df2b85c30cde,,,,pilot_data/w3_1/ssot_supply/evidence-run-01/dec030-gladbach-player-decisions-2026-09-05.json,pilot_data/w3_1/ssot_supply/evidence-run-01/canonical/kicker-roster-gladbach-2026-27-full.json,PASS,Identity/position/club evidence present; not claimed as materialized in W3.1 Mathias-36 release scope.
Tim,A42:C42,Götze,Mario Götze,M,M,8c83b5d6-5a03-4a4d-b397-5cad00083221,Eintracht Frankfurt,CURRENT_BUNDESLIGA_CLUB,9c5535c8-dcbb-4698-a1ad-ad255e9c3ad3,IDENTITY_LEGITIMATED,ssot-legit:4e9d5720-babe-4300-b8b9-493c623b82f0,,,,pilot_data/w3_1/ssot_supply/evidence-run-01/dec030-frankfurt-player-decisions-2026-09-05.json,pilot_data/w3_1/ssot_supply/evidence-run-01/canonical/kicker-roster-frankfurt-2026-27-full.json,PASS,Identity/position/club evidence present; not claimed as materialized in W3.1 Mathias-36 release scope.
Tim,A43:C43,Bischof,Tom Bischof,M,M,7af56263-600f-4f94-accb-d326159fcb86,FC Bayern München,CURRENT_BUNDESLIGA_CLUB,5e5baf09-5fef-46b3-8db4-361565c5a484,IDENTITY_LEGITIMATED,ssot-legit:ddd24e2b-196b-4202-b44a-a6e09c294b1f,,,,pilot_data/w3_1/ssot_supply/evidence-run-01/dec030-bayern-player-decisions-2026-09-05.json,pilot_data/w3_1/ssot_supply/evidence-run-01/canonical/kicker-roster-bayern-2026-27-full.json,PASS,Identity/position/club evidence present; not claimed as materialized in W3.1 Mathias-36 release scope.
Tim,A44:C44,Bellingham,Jobe Bellingham,M,M,b7ad3c28-029d-4be4-9b69-20a785317661,Borussia Dortmund,CURRENT_BUNDESLIGA_CLUB,02b0d742-c110-40ac-8bf1-ed45a4b80377,IDENTITY_LEGITIMATED,ssot-legit:4be8e948-33de-43ae-b06c-22aa6e8a3b53,,,,pilot_data/w3_1/ssot_supply/evidence-run-01/dec030-dortmund-player-decisions-2026-09-05.json,pilot_data/w3_1/ssot_supply/evidence-run-01/canonical/kicker-roster-dortmund-2026-27-full.json,PASS,Identity/position/club evidence present; not claimed as materialized in W3.1 Mathias-36 release scope.
Tim,A45:C45,Doan,Ritsu Doan,M,M,c8364369-38b6-494b-9b1e-099f8d2e0616,Eintracht Frankfurt,CURRENT_BUNDESLIGA_CLUB,9c5535c8-dcbb-4698-a1ad-ad255e9c3ad3,IDENTITY_LEGITIMATED,ssot-legit:f9943b85-2717-4caf-a1a4-a4cc63e9c5fb,,,,pilot_data/w3_1/ssot_supply/evidence-run-01/dec030-frankfurt-player-decisions-2026-09-05.json,pilot_data/w3_1/ssot_supply/evidence-run-01/canonical/kicker-roster-frankfurt-2026-27-full.json,PASS,Identity/position/club evidence present; not claimed as materialized in W3.1 Mathias-36 release scope.
Tim,A46:C46,Stiller,Angelo Stiller,M,M,3dbfc4cb-42f2-4159-bef3-a4bb88205754,VfB Stuttgart,CURRENT_BUNDESLIGA_CLUB,1f193f57-cb65-4399-9373-7800d6600692,IDENTITY_LEGITIMATED,ssot-legit:5e60cd78-0ad4-4b52-8c5e-7950193d7795,,,,pilot_data/w3_1/ssot_supply/evidence-run-01/dec030-stuttgart-player-decisions-2026-09-05.json,pilot_data/w3_1/ssot_supply/evidence-run-01/canonical/kicker-roster-stuttgart-2026-27-full.json,PASS,Identity/position/club evidence present; not claimed as materialized in W3.1 Mathias-36 release scope.
Tim,A47:C47,Eggestein,Maximilian Eggestein,M,M,5f5418df-0442-4b28-9562-49c8a178a0b0,SC Freiburg,CURRENT_BUNDESLIGA_CLUB,219aec8e-8fcc-417e-a5ab-fba932920838,IDENTITY_LEGITIMATED,ssot-legit:2b1839a7-cd2a-4035-a16e-1e812cd76eed,,,,pilot_data/w3_1/ssot_supply/evidence-run-01/dec030-freiburg-player-decisions.json,pilot_data/w3_1/ssot_supply/evidence-run-01/canonical/kicker-roster-freiburg-2026-27-full.json,PASS,Identity/position/club evidence present; not claimed as materialized in W3.1 Mathias-36 release scope.
Tim,A48:C48,Banzuzi,Ezechiel Banzuzi,M,M,7897c306-9fb8-4228-97a2-4d9196b08fb3,RB Leipzig,CURRENT_BUNDESLIGA_CLUB,5b024d53-f276-41b4-8999-40c731f7efcb,IDENTITY_LEGITIMATED,ssot-legit:4daf2061-7e2b-45ee-af0c-54130f0ed942,,,,pilot_data/w3_1/ssot_supply/evidence-run-01/dec030-leipzig-player-decisions-2026-09-05.json,pilot_data/w3_1/ssot_supply/evidence-run-01/canonical/kicker-roster-leipzig-2026-27-full.json,PASS,Identity/position/club evidence present; not claimed as materialized in W3.1 Mathias-36 release scope.
Tim,A49:C49,Höjlund,Oscar Højlund,M,M,eb0b2a0a-0eff-49d6-aaf3-4e97364f07c7,Eintracht Frankfurt,CURRENT_BUNDESLIGA_CLUB,9c5535c8-dcbb-4698-a1ad-ad255e9c3ad3,IDENTITY_LEGITIMATED,ssot-legit:a7c7e89d-0723-4d97-bd77-2432e6d12fd3,,,,pilot_data/w3_1/ssot_supply/evidence-run-01/dec030-frankfurt-player-decisions-2026-09-05.json,pilot_data/w3_1/ssot_supply/evidence-run-01/canonical/kicker-roster-frankfurt-2026-27-full.json,PASS,Identity/position/club evidence present; not claimed as materialized in W3.1 Mathias-36 release scope.
Tim,A50:C50,Knauff,Ansgar Knauff,M,M,b7c1e6da-4aeb-4b7e-a007-51b81894ad3d,Eintracht Frankfurt,CURRENT_BUNDESLIGA_CLUB,9c5535c8-dcbb-4698-a1ad-ad255e9c3ad3,IDENTITY_LEGITIMATED,ssot-legit:a7bc2362-37f2-4834-b4b2-1450e434c750,,,,pilot_data/w3_1/ssot_supply/evidence-run-01/dec030-frankfurt-player-decisions-2026-09-05.json,pilot_data/w3_1/ssot_supply/evidence-run-01/canonical/kicker-roster-frankfurt-2026-27-full.json,PASS,Identity/position/club evidence present; not claimed as materialized in W3.1 Mathias-36 release scope.
Tim,A51:C51,Eichhorn,Kennet Eichhorn,M,M,251bb1a8-3c68-46de-abf2-81533a1d3340,Bayer 04 Leverkusen,CURRENT_BUNDESLIGA_CLUB,03a4b4b3-6cf6-48c6-839b-d80b3a9069c3,IDENTITY_LEGITIMATED,ssot-legit:8d96775a-61ce-45a7-bcad-f24db404ffce,,,,pilot_data/w3_1/ssot_supply/evidence-run-01/dec030-leverkusen-player-decisions-2026-09-05.json,pilot_data/w3_1/ssot_supply/evidence-run-01/canonical/kicker-roster-leverkusen-2026-27-full.json,PASS,Identity/position/club evidence present; not claimed as materialized in W3.1 Mathias-36 release scope.
Tim,A52:C52,Veerman,Joey Veerman,M,M,63604e0a-62b0-49be-8986-33136d29f65d,Borussia Dortmund,CURRENT_BUNDESLIGA_CLUB,02b0d742-c110-40ac-8bf1-ed45a4b80377,IDENTITY_LEGITIMATED,ssot-legit:de4eebec-6c78-47b5-ba29-200e212c8b25,,,,pilot_data/w3_1/ssot_supply/evidence-run-01/dec030-dortmund-player-decisions-2026-09-05.json,pilot_data/w3_1/ssot_supply/evidence-run-01/canonical/kicker-roster-dortmund-2026-27-full.json,PASS,Identity/position/club evidence present; not claimed as materialized in W3.1 Mathias-36 release scope.
Tim,A53:C53,Maksimovic,Andrija Maksimović,M,M,7e383d54-8025-42d5-b398-6a81b7d71ea5,RB Leipzig,CURRENT_BUNDESLIGA_CLUB,5b024d53-f276-41b4-8999-40c731f7efcb,IDENTITY_LEGITIMATED,ssot-legit:b75b308d-8879-4fca-9d2e-5777687eee09,,,,pilot_data/w3_1/ssot_supply/evidence-run-01/dec030-leipzig-player-decisions-2026-09-05.json,pilot_data/w3_1/ssot_supply/evidence-run-01/canonical/kicker-roster-leipzig-2026-27-full.json,PASS,Identity/position/club evidence present; not claimed as materialized in W3.1 Mathias-36 release scope.
Tim,A68:C68,Kane,Harry Kane,S,S,a45395b4-3d78-4126-8569-59c1540c1571,FC Bayern München,CURRENT_BUNDESLIGA_CLUB,5e5baf09-5fef-46b3-8db4-361565c5a484,IDENTITY_LEGITIMATED,ssot-legit:82674052-8283-4d2c-ad2b-4ce810a6806f,,,,pilot_data/w3_1/ssot_supply/evidence-run-01/dec030-bayern-player-decisions-2026-09-05.json,pilot_data/w3_1/ssot_supply/evidence-run-01/canonical/kicker-roster-bayern-2026-27-full.json,PASS,Identity/position/club evidence present; not claimed as materialized in W3.1 Mathias-36 release scope.
Tim,A69:C69,Burkardt,Jonathan Burkardt,S,S,1d76e820-c967-46bf-b662-9f48b5b524d4,Eintracht Frankfurt,CURRENT_BUNDESLIGA_CLUB,9c5535c8-dcbb-4698-a1ad-ad255e9c3ad3,IDENTITY_LEGITIMATED,ssot-legit:6618c2ff-231a-4f56-b598-f27d82748e9a,,,,pilot_data/w3_1/ssot_supply/evidence-run-01/dec030-frankfurt-player-decisions-2026-09-05.json,pilot_data/w3_1/ssot_supply/evidence-run-01/canonical/kicker-roster-frankfurt-2026-27-full.json,PASS,Identity/position/club evidence present; not claimed as materialized in W3.1 Mathias-36 release scope.
Tim,A70:C70,Demirovic,Ermedin Demirovic,S,S,9374476f-3882-4f40-a695-2f7ba4a3b683,VfB Stuttgart,CURRENT_BUNDESLIGA_CLUB,1f193f57-cb65-4399-9373-7800d6600692,IDENTITY_LEGITIMATED,ssot-legit:a8a6c28a-47d2-40f0-8844-701ad41800f3,,,,pilot_data/w3_1/ssot_supply/evidence-run-01/dec030-stuttgart-player-decisions-2026-09-05.json,pilot_data/w3_1/ssot_supply/evidence-run-01/canonical/kicker-roster-stuttgart-2026-27-full.json,PASS,Identity/position/club evidence present; not claimed as materialized in W3.1 Mathias-36 release scope.
Tim,A71:C71,Kleindienst,Tim Kleindienst,S,S,9db6a892-ef72-4818-a83b-2f00f86c3ce5,Borussia Mönchengladbach,CURRENT_BUNDESLIGA_CLUB,f97c8435-a5dd-4a19-8d09-347f6fa31a4f,IDENTITY_LEGITIMATED,ssot-legit:84a716b0-469a-4dab-8c57-30a60288dbc1,,,,pilot_data/w3_1/ssot_supply/evidence-run-01/dec030-gladbach-player-decisions-2026-09-05.json,pilot_data/w3_1/ssot_supply/evidence-run-01/canonical/kicker-roster-gladbach-2026-27-full.json,PASS,Identity/position/club evidence present; not claimed as materialized in W3.1 Mathias-36 release scope.
Tim,A72:C72,Litberg,Isac Lidberg,S,S,638a697e-bda4-4cc5-bf7d-c80d3124db2d,Borussia Mönchengladbach,CURRENT_BUNDESLIGA_CLUB,f97c8435-a5dd-4a19-8d09-347f6fa31a4f,IDENTITY_LEGITIMATED,ssot-legit:3a4ea280-978f-49ea-b450-88e27708b18e,,,,pilot_data/w3_1/ssot_supply/evidence-run-01/dec030-gladbach-player-decisions-2026-09-05.json,pilot_data/w3_1/ssot_supply/evidence-run-01/canonical/kicker-roster-gladbach-2026-27-full.json,PASS,Identity/position/club evidence present; not claimed as materialized in W3.1 Mathias-36 release scope.
Tim,A73:C73,Pejcinovic,Dzenan Pejcinovic,S,S,1ff13ee5-da79-4605-bc9e-7df3776c5496,VfB Stuttgart,CURRENT_BUNDESLIGA_CLUB,1f193f57-cb65-4399-9373-7800d6600692,IDENTITY_LEGITIMATED,ssot-legit:920970fd-25cd-4a07-ad30-9c3f1879c34f,,,,pilot_data/w3_1/ssot_supply/evidence-run-01/dec030-stuttgart-player-decisions-2026-09-05.json,pilot_data/w3_1/ssot_supply/evidence-run-01/canonical/kicker-roster-stuttgart-2026-27-full.json,PASS,Identity/position/club evidence present; not claimed as materialized in W3.1 Mathias-36 release scope.
Tim,A74:C74,Ansah,Ilyas Ansah,S,S,415dee95-ada3-43ab-b237-23af93bf2512,Hull City,OUTSIDE_BUNDESLIGA,,IDENTITY_LEGITIMATED,ssot-legit:576fc43f-3e5c-4640-b1d2-1dffe2ad3748,,,,pilot_data/w3_2/comparison_ssot/dec030-comparison-rest18-2026-09-09.json,https://www.kicker.de/ilyas-ansah/laufbahn;https://www.bundesliga.com/de/bundesliga/news/ilyas-ansah-1-fc-union-berlin-wechsel-hull-city-38950,PASS,Identity/position/club evidence present; not claimed as materialized in W3.1 Mathias-36 release scope.
Tim,A75:C75,Bonifce,Victor Boniface,S,S,3ed7952e-55a1-4b4a-8211-6c0bd1b254e8,Bayer 04 Leverkusen,CURRENT_BUNDESLIGA_CLUB,03a4b4b3-6cf6-48c6-839b-d80b3a9069c3,IDENTITY_LEGITIMATED,ssot-legit:39713f9a-6e18-4519-a40e-035454a16d71,,,,pilot_data/w3_1/ssot_supply/evidence-run-01/dec030-leverkusen-player-decisions-2026-09-05.json,pilot_data/w3_1/ssot_supply/evidence-run-01/canonical/kicker-roster-leverkusen-2026-27-full.json,PASS,Identity/position/club evidence present; not claimed as materialized in W3.1 Mathias-36 release scope.
Tim,A76:C76,Poku,Ernest Poku,S,S,73548f83-c5ae-46c8-8f97-74429a688cb8,Beşiktaş JK,OUTSIDE_BUNDESLIGA,,IDENTITY_LEGITIMATED,ssot-legit:ab9b8920-ef14-4755-af12-12edbf14acec,,,,pilot_data/w3_2/comparison_ssot/dec030-comparison-rest18-2026-09-09.json,user-evidence:Poku.pdf#sha256=c564f46e1785e6621ab1924140d8bd882fb6f7a04240948ff6192cfec79c3f7e,PASS,Identity/position/club evidence present; not claimed as materialized in W3.1 Mathias-36 release scope.
Carsten,A2:C2,Dahmen,Finn Dahmen,T,T,2e7dedb7-8524-4c0d-b8a2-f61676fa6be2,FC Augsburg,CURRENT_BUNDESLIGA_CLUB,3a57ccaf-f710-46bd-9526-1d165bebf215,IDENTITY_LEGITIMATED,ssot-legit:03ffe5d1-1db6-48e9-a083-19b8c75dd438,,,,pilot_data/w3_1/ssot_supply/evidence-run-01/dec030-augsburg-player-decisions.json,pilot_data/w3_1/ssot_supply/evidence-run-01/canonical/kicker-roster-augsburg-2026-27-full.json,PASS,Identity/position/club evidence present; not claimed as materialized in W3.1 Mathias-36 release scope.
Carsten,A3:C3,Seimen,Dennis Seimen,T,T,3c1a1659-5a02-489a-b150-47ffe0fd4a8f,VfB Stuttgart,CURRENT_BUNDESLIGA_CLUB,1f193f57-cb65-4399-9373-7800d6600692,IDENTITY_LEGITIMATED,ssot-legit:fa556159-40ff-443b-aa91-8d10bae8821f,,,,pilot_data/w3_1/ssot_supply/evidence-run-01/dec030-stuttgart-player-decisions-2026-09-05.json,pilot_data/w3_1/ssot_supply/evidence-run-01/canonical/kicker-roster-stuttgart-2026-27-full.json,PASS,Identity/position/club evidence present; not claimed as materialized in W3.1 Mathias-36 release scope.
Carsten,A4:C4,Backhaus,Mio Backhaus,T,T,9900f2f9-64e7-4560-9123-ebb1af065f1d,SC Freiburg,CURRENT_BUNDESLIGA_CLUB,219aec8e-8fcc-417e-a5ab-fba932920838,IDENTITY_LEGITIMATED,ssot-legit:3fe29716-2411-4836-98f8-c2f6d3e61cf9,,,,pilot_data/w3_1/ssot_supply/evidence-run-01/dec030-freiburg-player-decisions.json,pilot_data/w3_1/ssot_supply/evidence-run-01/canonical/kicker-roster-freiburg-2026-27-full.json,PASS,Identity/position/club evidence present; not claimed as materialized in W3.1 Mathias-36 release scope.
Carsten,A5:C5,Bredlow,Fabian Bredlow,T,T,6b147e0f-3c44-4bdc-bab4-e7906a6f6dee,VfB Stuttgart,CURRENT_BUNDESLIGA_CLUB,1f193f57-cb65-4399-9373-7800d6600692,IDENTITY_LEGITIMATED,ssot-legit:cdc3d6ac-1f34-4019-b30c-c8c5c89ef8ea,,,,pilot_data/w3_1/ssot_supply/evidence-run-01/dec030-stuttgart-player-decisions-2026-09-05.json,pilot_data/w3_1/ssot_supply/evidence-run-01/canonical/kicker-roster-stuttgart-2026-27-full.json,PASS,Identity/position/club evidence present; not claimed as materialized in W3.1 Mathias-36 release scope.
Carsten,A6:C6,Zentner,Robin Zentner,T,T,854479b8-29bb-41f5-90d9-5232561f45b3,1. FSV Mainz 05,CURRENT_BUNDESLIGA_CLUB,32d37292-0b2b-462e-a536-fa9fbe6d28ae,IDENTITY_LEGITIMATED,ssot-legit:292e750a-b59d-47ad-bd32-d926fa0045ac,,,,pilot_data/w3_1/ssot_supply/evidence-run-01/dec030-mainz-player-decisions-2026-09-05.json,pilot_data/w3_1/ssot_supply/evidence-run-01/canonical/kicker-roster-mainz-2026-27-full.json,PASS,Identity/position/club evidence present; not claimed as materialized in W3.1 Mathias-36 release scope.
Carsten,A7:C7,Zetterer,Michael Zetterer,T,T,76c85cfa-7ad0-4f2f-9aee-9bfd9bfa48ff,Leeds United,OUTSIDE_BUNDESLIGA,,IDENTITY_LEGITIMATED,ssot-legit:f7a6a20a-2a29-4238-ad00-210bd49fe457,,,,pilot_data/w3_2/comparison_ssot/dec030-comparison-rest18-2026-09-09.json,https://www.kicker.de/michael-zetterer/laufbahn;https://www.leedsunited.com/en/news/michael-zetterer-joins-leeds-united,PASS,Identity/position/club evidence present; not claimed as materialized in W3.1 Mathias-36 release scope.
Carsten,A8:C8,Santos,Kaua Santos,T,T,1b7fa8dc-5a63-429f-a728-99072d0711b0,Eintracht Frankfurt,CURRENT_BUNDESLIGA_CLUB,9c5535c8-dcbb-4698-a1ad-ad255e9c3ad3,IDENTITY_LEGITIMATED,ssot-legit:f6cd06a1-42a1-4aeb-b2de-94c5f6f930bc,,,,pilot_data/w3_1/ssot_supply/evidence-run-01/dec030-frankfurt-player-decisions-2026-09-05.json,pilot_data/w3_1/ssot_supply/evidence-run-01/canonical/kicker-roster-frankfurt-2026-27-full.json,PASS,Identity/position/club evidence present; not claimed as materialized in W3.1 Mathias-36 release scope.
Carsten,A13:C13,Brown,Nathaniel Brown,A,A,efd0697d-981c-4af8-993a-974dde7c6598,FC Bayern München,CURRENT_BUNDESLIGA_CLUB,5e5baf09-5fef-46b3-8db4-361565c5a484,IDENTITY_LEGITIMATED,ssot-legit:6e71fea1-04f3-4068-8b1f-bf8a1ea95621,,,,pilot_data/w3_1/ssot_supply/evidence-run-01/dec030-bayern-player-decisions-2026-09-05.json,pilot_data/w3_1/ssot_supply/evidence-run-01/canonical/kicker-roster-bayern-2026-27-full.json,PASS,Identity/position/club evidence present; not claimed as materialized in W3.1 Mathias-36 release scope.
Carsten,A14:C14,Ginter,Matthias Ginter,A,A,79f8753c-e24a-4c73-87ad-3598ff4d2441,SC Freiburg,CURRENT_BUNDESLIGA_CLUB,219aec8e-8fcc-417e-a5ab-fba932920838,IDENTITY_LEGITIMATED,ssot-legit:3a960d59-f23f-4f4e-ae0c-8c1714a4eac0,,,,pilot_data/w3_1/ssot_supply/evidence-run-01/dec030-freiburg-player-decisions.json,pilot_data/w3_1/ssot_supply/evidence-run-01/canonical/kicker-roster-freiburg-2026-27-full.json,PASS,Identity/position/club evidence present; not claimed as materialized in W3.1 Mathias-36 release scope.
Carsten,A15:C15,Matsima,Chrislain Matsima,A,A,6e1873e9-4c70-47b6-bb63-1c4fca943b23,FC Augsburg,CURRENT_BUNDESLIGA_CLUB,3a57ccaf-f710-46bd-9526-1d165bebf215,IDENTITY_LEGITIMATED,ssot-legit:e70c3b23-8168-49dc-8182-3d6a937ae226,,,,pilot_data/w3_1/ssot_supply/evidence-run-01/dec030-augsburg-player-decisions.json,pilot_data/w3_1/ssot_supply/evidence-run-01/canonical/kicker-roster-augsburg-2026-27-full.json,PASS,Identity/position/club evidence present; not claimed as materialized in W3.1 Mathias-36 release scope.
Carsten,A16:C16,Treu,Philipp Treu,A,A,6a17c90d-d28a-428d-b379-782741aa800a,SC Freiburg,CURRENT_BUNDESLIGA_CLUB,219aec8e-8fcc-417e-a5ab-fba932920838,IDENTITY_LEGITIMATED,ssot-legit:cfd30312-8d2d-4d04-bcab-b2f3af3ae814,,,,pilot_data/w3_1/ssot_supply/evidence-run-01/dec030-freiburg-player-decisions.json,pilot_data/w3_1/ssot_supply/evidence-run-01/canonical/kicker-roster-freiburg-2026-27-full.json,PASS,Identity/position/club evidence present; not claimed as materialized in W3.1 Mathias-36 release scope.
Carsten,A17:C17,Posch,Stefan Posch,A,A,bb8d05c2-77d8-4ddc-8b73-8f0feead1aa7,1. FSV Mainz 05,CURRENT_BUNDESLIGA_CLUB,32d37292-0b2b-462e-a536-fa9fbe6d28ae,IDENTITY_LEGITIMATED,ssot-legit:22a40bd9-9075-4d50-901e-f59b9d756e16,,,,pilot_data/w3_1/ssot_supply/evidence-run-01/dec030-mainz-player-decisions-2026-09-05.json,pilot_data/w3_1/ssot_supply/evidence-run-01/canonical/kicker-roster-mainz-2026-27-full.json,PASS,Identity/position/club evidence present; not claimed as materialized in W3.1 Mathias-36 release scope.
Carsten,A18:C18,Baku,Ridle Baku,A,A,f4f4682c-0425-4a55-863c-aa514fdaa26e,RB Leipzig,CURRENT_BUNDESLIGA_CLUB,5b024d53-f276-41b4-8999-40c731f7efcb,IDENTITY_LEGITIMATED,ssot-legit:dbfe2947-feb2-4956-ab97-c422007ceca8,,,,pilot_data/w3_1/ssot_supply/evidence-run-01/dec030-leipzig-player-decisions-2026-09-05.json,pilot_data/w3_1/ssot_supply/evidence-run-01/canonical/kicker-roster-leipzig-2026-27-full.json,PASS,Identity/position/club evidence present; not claimed as materialized in W3.1 Mathias-36 release scope.
Carsten,A19:C19,Anton,Waldemar Anton,A,A,7cd0ac22-bcdb-48c0-8ed4-54fa4d4582ce,Borussia Dortmund,CURRENT_BUNDESLIGA_CLUB,02b0d742-c110-40ac-8bf1-ed45a4b80377,IDENTITY_LEGITIMATED,ssot-legit:c2948361-c7bd-467a-ba1d-e4b62bc3b5fe,,,,pilot_data/w3_1/ssot_supply/evidence-run-01/dec030-dortmund-player-decisions-2026-09-05.json,pilot_data/w3_1/ssot_supply/evidence-run-01/canonical/kicker-roster-dortmund-2026-27-full.json,PASS,Identity/position/club evidence present; not claimed as materialized in W3.1 Mathias-36 release scope.
Carsten,A20:C20,Stanisic,Josip Stanisic,A,A,1b439b38-f686-4ce4-a045-972898eeebe5,FC Bayern München,CURRENT_BUNDESLIGA_CLUB,5e5baf09-5fef-46b3-8db4-361565c5a484,IDENTITY_LEGITIMATED,ssot-legit:6e848da8-eded-4a08-aa37-662f059b6913,,,,pilot_data/w3_1/ssot_supply/evidence-run-01/dec030-bayern-player-decisions-2026-09-05.json,pilot_data/w3_1/ssot_supply/evidence-run-01/canonical/kicker-roster-bayern-2026-27-full.json,PASS,Identity/position/club evidence present; not claimed as materialized in W3.1 Mathias-36 release scope.
Carsten,A21:C21,Jeltsch,Finn Jeltsch,A,A,183daccb-cd2a-459f-a1cd-fddc4eb35875,VfB Stuttgart,CURRENT_BUNDESLIGA_CLUB,1f193f57-cb65-4399-9373-7800d6600692,IDENTITY_LEGITIMATED,ssot-legit:5dbe0b76-a101-47c2-9fe6-71710b9c7e68,,,,pilot_data/w3_1/ssot_supply/evidence-run-01/dec030-stuttgart-player-decisions-2026-09-05.json,pilot_data/w3_1/ssot_supply/evidence-run-01/canonical/kicker-roster-stuttgart-2026-27-full.json,PASS,Identity/position/club evidence present; not claimed as materialized in W3.1 Mathias-36 release scope.
Carsten,A22:C22,Kim,Min-Jae Kim,A,A,ccad0897-7f23-461f-9a13-63c39a3f8a32,FC Bayern München,CURRENT_BUNDESLIGA_CLUB,5e5baf09-5fef-46b3-8db4-361565c5a484,IDENTITY_LEGITIMATED,ssot-legit:c763c614-f2c6-4602-852f-fd5bb6c242a4,,,,pilot_data/w3_1/ssot_supply/evidence-run-01/dec030-bayern-player-decisions-2026-09-05.json,pilot_data/w3_1/ssot_supply/evidence-run-01/canonical/kicker-roster-bayern-2026-27-full.json,PASS,Identity/position/club evidence present; not claimed as materialized in W3.1 Mathias-36 release scope.
Carsten,A23:C23,Kabak,Ozan Kabak,A,A,95aab947-3532-4793-8896-7bb056932c7e,TSG Hoffenheim,CURRENT_BUNDESLIGA_CLUB,eabf1c96-ac52-467b-934e-b11a9843778b,IDENTITY_LEGITIMATED,ssot-legit:ddecb188-ce85-49ad-901e-c4e20cda8231,,,,pilot_data/w3_1/ssot_supply/evidence-run-01/dec030-hoffenheim-player-decisions-2026-09-05.json,pilot_data/w3_1/ssot_supply/evidence-run-01/canonical/kicker-roster-hoffenheim-2026-27-full.json,PASS,Identity/position/club evidence present; not claimed as materialized in W3.1 Mathias-36 release scope.
Carsten,A24:C24,Al Dakhil,Ameen Al-Dakhil,A,A,b307ef17-9a5b-4b53-87e5-8173b5fcf1a9,VfB Stuttgart,CURRENT_BUNDESLIGA_CLUB,1f193f57-cb65-4399-9373-7800d6600692,IDENTITY_LEGITIMATED,ssot-legit:257db447-89e4-493c-98f1-48913eb959dd,,,,pilot_data/w3_1/ssot_supply/evidence-run-01/dec030-stuttgart-player-decisions-2026-09-05.json,pilot_data/w3_1/ssot_supply/evidence-run-01/canonical/kicker-roster-stuttgart-2026-27-full.json,PASS,Identity/position/club evidence present; not claimed as materialized in W3.1 Mathias-36 release scope.
Carsten,A25:C25,Makengo,Jordy Makengo,A,A,020c5a8f-c654-4bc4-bddf-6088bc1a445c,SC Freiburg,CURRENT_BUNDESLIGA_CLUB,219aec8e-8fcc-417e-a5ab-fba932920838,IDENTITY_LEGITIMATED,ssot-legit:f1d7a493-5930-456b-906a-f1d1b744bcf4,,,,pilot_data/w3_1/ssot_supply/evidence-run-01/dec030-freiburg-player-decisions.json,pilot_data/w3_1/ssot_supply/evidence-run-01/canonical/kicker-roster-freiburg-2026-27-full.json,PASS,Identity/position/club evidence present; not claimed as materialized in W3.1 Mathias-36 release scope.
Carsten,A26:C26,Otavio,Otávio,A,A,232aa434-006f-4cdd-99d9-0a6945088e7c,Eintracht Frankfurt,CURRENT_BUNDESLIGA_CLUB,9c5535c8-dcbb-4698-a1ad-ad255e9c3ad3,IDENTITY_LEGITIMATED,ssot-legit:c3445aab-a367-4461-9b5b-980f65e0daca,,,,pilot_data/w3_1/ssot_supply/evidence-run-01/dec030-frankfurt-player-decisions-2026-09-05.json,pilot_data/w3_1/ssot_supply/evidence-run-01/canonical/kicker-roster-frankfurt-2026-27-full.json,PASS,Identity/position/club evidence present; not claimed as materialized in W3.1 Mathias-36 release scope.
Carsten,A27:C27,Arthur,Arthur,A,A,f93fa39f-7bcc-417b-a375-962208187baf,SV Werder Bremen,CURRENT_BUNDESLIGA_CLUB,965e7790-3520-4864-8cb2-da450c415a3b,IDENTITY_LEGITIMATED,ssot-legit:6213c729-7307-4ece-a3d9-237f07b60713,,,,pilot_data/w3_1/ssot_supply/evidence-run-01/dec030-bremen-player-decisions-2026-09-05.json,pilot_data/w3_1/ssot_supply/evidence-run-01/canonical/kicker-roster-bremen-2026-27-full.json,PASS,Identity/position/club evidence present; not claimed as materialized in W3.1 Mathias-36 release scope.
Carsten,A28:C28,Rosenfelder,Max Rosenfelder,A,A,64ec3e65-e495-4efd-9888-42667ab99ca4,SC Freiburg,CURRENT_BUNDESLIGA_CLUB,219aec8e-8fcc-417e-a5ab-fba932920838,IDENTITY_LEGITIMATED,ssot-legit:cf2653c5-0292-4ad1-9675-e73f5344c9b6,,,,pilot_data/w3_1/ssot_supply/evidence-run-01/dec030-freiburg-player-decisions.json,pilot_data/w3_1/ssot_supply/evidence-run-01/canonical/kicker-roster-freiburg-2026-27-full.json,PASS,Identity/position/club evidence present; not claimed as materialized in W3.1 Mathias-36 release scope.
Carsten,A29:C29,Stergiu,Leonidas Stergiou,A,A,e1ba5d50-812c-423d-9cd6-d5797b3e453b,VfB Stuttgart,CURRENT_BUNDESLIGA_CLUB,1f193f57-cb65-4399-9373-7800d6600692,IDENTITY_LEGITIMATED,ssot-legit:5cd26b74-77c4-48e1-99e7-b67376d55272,,,,pilot_data/w3_1/ssot_supply/evidence-run-01/dec030-stuttgart-player-decisions-2026-09-05.json,pilot_data/w3_1/ssot_supply/evidence-run-01/canonical/kicker-roster-stuttgart-2026-27-full.json,PASS,Identity/position/club evidence present; not claimed as materialized in W3.1 Mathias-36 release scope.
Carsten,A30:C30,Oermann,Tim Oermann,A,A,1ffe75d3-46ef-46d6-8633-354f23a0e705,Bayer 04 Leverkusen,CURRENT_BUNDESLIGA_CLUB,03a4b4b3-6cf6-48c6-839b-d80b3a9069c3,IDENTITY_LEGITIMATED,ssot-legit:110ac510-a6a2-483b-9709-1c0d19f982fa,,,,pilot_data/w3_1/ssot_supply/evidence-run-01/dec030-leverkusen-player-decisions-2026-09-05.json,pilot_data/w3_1/ssot_supply/evidence-run-01/canonical/kicker-roster-leverkusen-2026-27-full.json,PASS,Identity/position/club evidence present; not claimed as materialized in W3.1 Mathias-36 release scope.
Carsten,A31:C31,Scally,Joe Scally,A,A,98ea316a-38c2-41a3-a5d7-261ea1ebe75f,Borussia Mönchengladbach,CURRENT_BUNDESLIGA_CLUB,f97c8435-a5dd-4a19-8d09-347f6fa31a4f,IDENTITY_LEGITIMATED,ssot-legit:579fea47-4973-44d0-9212-7b3a4eed538f,,,,pilot_data/w3_1/ssot_supply/evidence-run-01/dec030-gladbach-player-decisions-2026-09-05.json,pilot_data/w3_1/ssot_supply/evidence-run-01/canonical/kicker-roster-gladbach-2026-27-full.json,PASS,Identity/position/club evidence present; not claimed as materialized in W3.1 Mathias-36 release scope.
Carsten,A44:C44,Kimmich,Joshua Kimmich,M,M,208a95be-9ab2-4f09-8ca8-7ab630114b30,FC Bayern München,CURRENT_BUNDESLIGA_CLUB,5e5baf09-5fef-46b3-8db4-361565c5a484,IDENTITY_LEGITIMATED,ssot-legit:4747f7e1-82a6-423d-96bb-ed79a77d16d1,,,,pilot_data/w3_1/ssot_supply/evidence-run-01/dec030-bayern-player-decisions-2026-09-05.json,pilot_data/w3_1/ssot_supply/evidence-run-01/canonical/kicker-roster-bayern-2026-27-full.json,PASS,Identity/position/club evidence present; not claimed as materialized in W3.1 Mathias-36 release scope.
Carsten,A45:C45,Konstantelias,Giannis Konstantelias,M,M,d9d6a73c-1d1b-4298-88b1-2e9e8f8013d9,Borussia Dortmund,CURRENT_BUNDESLIGA_CLUB,02b0d742-c110-40ac-8bf1-ed45a4b80377,IDENTITY_LEGITIMATED,ssot-legit:e2340cdb-9638-43c9-b5ca-97fe00713006,,,,pilot_data/w3_1/ssot_supply/evidence-run-01/dec030-dortmund-player-decisions-2026-09-05.json,pilot_data/w3_1/ssot_supply/evidence-run-01/canonical/kicker-roster-dortmund-2026-27-full.json,PASS,Identity/position/club evidence present; not claimed as materialized in W3.1 Mathias-36 release scope.
Carsten,A46:C46,Uzun,Can Uzun,M,M,b4ad350a-06c1-40a3-a78c-04807ba66ffe,Eintracht Frankfurt,CURRENT_BUNDESLIGA_CLUB,9c5535c8-dcbb-4698-a1ad-ad255e9c3ad3,IDENTITY_LEGITIMATED,ssot-legit:8f9cbb36-c2d9-4081-b2ab-c681eff37afc,,,,pilot_data/w3_1/ssot_supply/evidence-run-01/dec030-frankfurt-player-decisions-2026-09-05.json,pilot_data/w3_1/ssot_supply/evidence-run-01/canonical/kicker-roster-frankfurt-2026-27-full.json,PASS,Identity/position/club evidence present; not claimed as materialized in W3.1 Mathias-36 release scope.
Carsten,A47:C47,Karetsas,Konstantinos Karetsas,M,M,e0bbabb1-ceb5-4971-8bec-d35ec92bf256,Borussia Dortmund,CURRENT_BUNDESLIGA_CLUB,02b0d742-c110-40ac-8bf1-ed45a4b80377,IDENTITY_LEGITIMATED,ssot-legit:1f10be62-7c4b-484a-a9e6-7f4d93a40268,,,,pilot_data/w3_1/ssot_supply/evidence-run-01/dec030-dortmund-player-decisions-2026-09-05.json,pilot_data/w3_1/ssot_supply/evidence-run-01/canonical/kicker-roster-dortmund-2026-27-full.json,PASS,Identity/position/club evidence present; not claimed as materialized in W3.1 Mathias-36 release scope.
Carsten,A48:C48,Garcia,Aleix García,M,M,44f7f460-a564-4dc5-92cc-df77e0bec4c9,Bayer 04 Leverkusen,CURRENT_BUNDESLIGA_CLUB,03a4b4b3-6cf6-48c6-839b-d80b3a9069c3,IDENTITY_LEGITIMATED,ssot-legit:f0b850c9-f99f-43d2-abfe-a31dab8b025f,,,,pilot_data/w3_1/ssot_supply/evidence-run-01/dec030-leverkusen-player-decisions-2026-09-05.json,pilot_data/w3_1/ssot_supply/evidence-run-01/canonical/kicker-roster-leverkusen-2026-27-full.json,PASS,Identity/position/club evidence present; not claimed as materialized in W3.1 Mathias-36 release scope.
Carsten,A49:C49,Maza,Ibrahim Maza,M,M,619deefe-a237-4c01-b8e4-3e8c23c005f5,Bayer 04 Leverkusen,CURRENT_BUNDESLIGA_CLUB,03a4b4b3-6cf6-48c6-839b-d80b3a9069c3,IDENTITY_LEGITIMATED,ssot-legit:7e99e869-6ee0-4a3d-95bb-484c152921dd,,,,pilot_data/w3_1/ssot_supply/evidence-run-01/dec030-leverkusen-player-decisions-2026-09-05.json,pilot_data/w3_1/ssot_supply/evidence-run-01/canonical/kicker-roster-leverkusen-2026-27-full.json,PASS,Identity/position/club evidence present; not claimed as materialized in W3.1 Mathias-36 release scope.
Carsten,A50:C50,Wimmer,Patrick Wimmer,M,M,4a5fc745-f05e-4552-8d64-931fb2fd947e,TSG Hoffenheim,CURRENT_BUNDESLIGA_CLUB,eabf1c96-ac52-467b-934e-b11a9843778b,IDENTITY_LEGITIMATED,ssot-legit:c1ef68b4-c9d2-4329-b223-296cd21b8dba,,,,pilot_data/w3_1/ssot_supply/evidence-run-01/dec030-hoffenheim-player-decisions-2026-09-05.json,pilot_data/w3_1/ssot_supply/evidence-run-01/canonical/kicker-roster-hoffenheim-2026-27-full.json,PASS,Identity/position/club evidence present; not claimed as materialized in W3.1 Mathias-36 release scope.
Carsten,A51:C51,Laurin Curda,Laurin Curda,M,M,46060bda-e243-42fb-8daf-7af246db0e54,SC Paderborn 07,CURRENT_BUNDESLIGA_CLUB,89fdd3f0-b5d4-452a-83f6-729e6f009ad5,IDENTITY_LEGITIMATED,ssot-legit:24ab9104-d23a-4206-b8d8-a1cfdc99d0e9,,,,pilot_data/w3_1/ssot_supply/evidence-run-01/dec030-paderborn-player-decisions-2026-09-05.json,pilot_data/w3_1/ssot_supply/evidence-run-01/canonical/kicker-roster-paderborn-2026-27-full.json,PASS,Identity/position/club evidence present; not claimed as materialized in W3.1 Mathias-36 release scope.
Carsten,A52:C52,Bahoya,Jean-Mattéo Bahoya,M,M,e4775358-b43b-4271-858c-37ed42a94082,Leeds United,OUTSIDE_BUNDESLIGA,,IDENTITY_LEGITIMATED,ssot-legit:d561b248-681e-4d8e-a2de-681810d5125d,,,,pilot_data/w3_2/comparison_ssot/dec030-comparison-rest18-2026-09-09.json,https://www.kicker.de/jean-matteo-bahoya/spieler;https://www.leedsunited.com/en/news/jean-matteo-bahoya-becomes-our-final-summer-signing,PASS,Identity/position/club evidence present; not claimed as materialized in W3.1 Mathias-36 release scope.
Carsten,A53:C53,Tiago Tomas,Tiago Tomas,M,M,e1c41456-697d-457d-a3d7-b8f6b2d4ea6f,VfB Stuttgart,CURRENT_BUNDESLIGA_CLUB,1f193f57-cb65-4399-9373-7800d6600692,IDENTITY_LEGITIMATED,ssot-legit:888920af-84ef-45b7-b9ee-55ad2c5c54ff,,,,pilot_data/w3_1/ssot_supply/evidence-run-01/dec030-stuttgart-player-decisions-2026-09-05.json,pilot_data/w3_1/ssot_supply/evidence-run-01/canonical/kicker-roster-stuttgart-2026-27-full.json,PASS,Identity/position/club evidence present; not claimed as materialized in W3.1 Mathias-36 release scope.
Carsten,A54:C54,Sano,Kaishu Sano,M,M,f9fcf6dc-8789-42c7-ad76-a7e9685608da,1. FSV Mainz 05,CURRENT_BUNDESLIGA_CLUB,32d37292-0b2b-462e-a536-fa9fbe6d28ae,IDENTITY_LEGITIMATED,ssot-legit:2fd34022-4c3c-4efc-88db-fc6b1e4ae192,,,,pilot_data/w3_1/ssot_supply/evidence-run-01/dec030-mainz-player-decisions-2026-09-05.json,pilot_data/w3_1/ssot_supply/evidence-run-01/canonical/kicker-roster-mainz-2026-27-full.json,PASS,Identity/position/club evidence present; not claimed as materialized in W3.1 Mathias-36 release scope.
Carsten,A55:C55,Amamonie-Egchouchjab,Ayoube Amaimouni-Echghouyab,M,M,b71c7577-1913-4ffd-aedc-f643178d3a5f,Eintracht Frankfurt,CURRENT_BUNDESLIGA_CLUB,9c5535c8-dcbb-4698-a1ad-ad255e9c3ad3,IDENTITY_LEGITIMATED,ssot-legit:d1f473a6-f791-4dce-98b3-4f97001b0b6c,,,,pilot_data/w3_1/ssot_supply/evidence-run-01/dec030-frankfurt-player-decisions-2026-09-05.json,pilot_data/w3_1/ssot_supply/evidence-run-01/canonical/kicker-roster-frankfurt-2026-27-full.json,PASS,Identity/position/club evidence present; not claimed as materialized in W3.1 Mathias-36 release scope.
Carsten,A56:C56,Dompe,Jean-Luc Dompé,M,M,8745dec9-d10c-4d90-b686-ac3360d5a03e,Konyaspor,OUTSIDE_BUNDESLIGA,,IDENTITY_LEGITIMATED,ssot-legit:effea333-da43-4111-929a-5c7dcb8e336b,,,,pilot_data/w3_2/comparison_ssot/dec030-comparison-rest18-2026-09-09.json,https://www.kicker.de/jean-luc-dompe/spieler;https://www.hsv.de/news/jean-luc-dompe-verlaesst-den-hsv;https://konyaspor.org.tr/haber/hos-geldin-jean-luc-domp-42,PASS,Identity/position/club evidence present; not claimed as materialized in W3.1 Mathias-36 release scope.
Carsten,A57:C57,Hofmann,Jonas Hofmann,M,M,c8ad1c6c-8b6d-456d-8cfa-f80ad6092d2a,Bayer 04 Leverkusen,CURRENT_BUNDESLIGA_CLUB,03a4b4b3-6cf6-48c6-839b-d80b3a9069c3,IDENTITY_LEGITIMATED,ssot-legit:e1b0aa1b-e764-4bfd-87ba-7a05be04e030,,,,pilot_data/w3_1/ssot_supply/evidence-run-01/dec030-leverkusen-player-decisions-2026-09-05.json,pilot_data/w3_1/ssot_supply/evidence-run-01/canonical/kicker-roster-leverkusen-2026-27-full.json,PASS,Identity/position/club evidence present; not claimed as materialized in W3.1 Mathias-36 release scope.
Carsten,A58:C58,Suzuki,Yuito Suzuki,M,M,f1828637-ed97-4fca-8e0e-bb758825476f,SC Freiburg,CURRENT_BUNDESLIGA_CLUB,219aec8e-8fcc-417e-a5ab-fba932920838,IDENTITY_LEGITIMATED,ssot-legit:cee3d524-a067-4501-8fa7-122b9613c7e8,,,,pilot_data/w3_1/ssot_supply/evidence-run-01/dec030-freiburg-player-decisions.json,pilot_data/w3_1/ssot_supply/evidence-run-01/canonical/kicker-roster-freiburg-2026-27-full.json,PASS,Identity/position/club evidence present; not claimed as materialized in W3.1 Mathias-36 release scope.
Carsten,A59:C59,Hack,Robin Hack,M,M,9946ecfb-e9ea-4a76-8e3c-2f87d736e1a9,Borussia Mönchengladbach,CURRENT_BUNDESLIGA_CLUB,f97c8435-a5dd-4a19-8d09-347f6fa31a4f,IDENTITY_LEGITIMATED,ssot-legit:ccf1ce89-0da1-41a0-80aa-290baabe3b55,,,,pilot_data/w3_1/ssot_supply/evidence-run-01/dec030-gladbach-player-decisions-2026-09-05.json,pilot_data/w3_1/ssot_supply/evidence-run-01/canonical/kicker-roster-gladbach-2026-27-full.json,PASS,Identity/position/club evidence present; not claimed as materialized in W3.1 Mathias-36 release scope.
Carsten,A60:C60,Bouanani,Badredine Bouanani,M,S,8d36fd76-5146-4efe-8a85-a4be859834f3,Rangers FC,OUTSIDE_BUNDESLIGA,,IDENTITY_LEGITIMATED,ssot-legit:78dafa7e-0ece-4a73-a5a0-8338c467d390,,,,pilot_data/w3_2/comparison_ssot/dec030-comparison-rest18-2026-09-09.json,https://www.kicker.de/bouanani-badrerine/spieler;https://www.vfb.de/de/vfb/aktuell/neues/profis/2627/badredine-bouanani-wird-verliehen/;https://www.rangers.co.uk/Article/rangers-announce-signing-of-badredine-bouanani/68znwPiWEZphbwmOQ7Oa1l,PASS,Identity/position/club evidence present; not claimed as materialized in W3.1 Mathias-36 release scope.
Carsten,A61:C61,Grüger,Max Grüger,M,M,6054a641-1b25-4ba1-a6b2-99532c3cf5c1,FC Schalke 04,CURRENT_BUNDESLIGA_CLUB,14977262-91bd-4620-8b37-36052935109e,IDENTITY_LEGITIMATED,ssot-legit:fceb3b80-eaae-43cc-84d2-3eae66645542,,,,pilot_data/w3_1/ssot_supply/evidence-run-01/dec030-schalke-player-decisions-2026-09-05.json,pilot_data/w3_1/ssot_supply/evidence-run-01/canonical/kicker-roster-schalke-2026-27-full.json,PASS,Identity/position/club evidence present; not claimed as materialized in W3.1 Mathias-36 release scope.
Carsten,A62:C62,Reitz,Rocco Reitz,M,M,2c98c57e-c575-4137-91f9-d1fe3fce065f,RB Leipzig,CURRENT_BUNDESLIGA_CLUB,5b024d53-f276-41b4-8999-40c731f7efcb,IDENTITY_LEGITIMATED,ssot-legit:37482dc7-9bfd-4e67-8c93-f0d7dc6b566c,,,,pilot_data/w3_1/ssot_supply/evidence-run-01/dec030-leipzig-player-decisions-2026-09-05.json,pilot_data/w3_1/ssot_supply/evidence-run-01/canonical/kicker-roster-leipzig-2026-27-full.json,PASS,Identity/position/club evidence present; not claimed as materialized in W3.1 Mathias-36 release scope.
Carsten,A75:C75,Matanovic,Igor Matanović,S,S,02cea56a-cca6-400f-8303-1decbf017632,SC Freiburg,CURRENT_BUNDESLIGA_CLUB,219aec8e-8fcc-417e-a5ab-fba932920838,IDENTITY_LEGITIMATED,ssot-legit:d6776c8d-52bc-4483-9d66-899fa05a5bb4,,,,pilot_data/w3_1/ssot_supply/evidence-run-01/dec030-freiburg-player-decisions.json,pilot_data/w3_1/ssot_supply/evidence-run-01/canonical/kicker-roster-freiburg-2026-27-full.json,PASS,Identity/position/club evidence present; not claimed as materialized in W3.1 Mathias-36 release scope.
Carsten,A76:C76,Daka,Patson Daka,S,S,a47c387c-977f-41ee-af53-0012fa5b6d4a,Hamburger SV,CURRENT_BUNDESLIGA_CLUB,15b40c17-fa0b-4097-9a68-a26c02c49830,IDENTITY_LEGITIMATED,ssot-legit:7dde3222-a2b0-42ab-91f9-a834068ebdb8,,,,pilot_data/w3_1/ssot_supply/evidence-run-01/dec030-hamburg-player-decisions-2026-09-05.json,pilot_data/w3_1/ssot_supply/evidence-run-01/canonical/kicker-roster-hamburg-2026-27-full.json,PASS,Identity/position/club evidence present; not claimed as materialized in W3.1 Mathias-36 release scope.
Carsten,A77:C77,Futkeu,Noel Futkeu,S,S,bc24b729-c0b9-4681-8f35-6c9cb11c958c,SV Elversberg,CURRENT_BUNDESLIGA_CLUB,2533a473-468d-4bf7-b7db-69129a0f086e,IDENTITY_LEGITIMATED,ssot-legit:a2e2a950-14cf-477a-b054-d778976909a5,,,,pilot_data/w3_1/ssot_supply/evidence-run-01/dec030-elversberg-player-decisions-2026-09-05.json,pilot_data/w3_1/ssot_supply/evidence-run-01/canonical/kicker-roster-elversberg-2026-27-full.json,PASS,Identity/position/club evidence present; not claimed as materialized in W3.1 Mathias-36 release scope.
Carsten,A78:C78,Dallinga,Thijs Dallinga,S,S,fad53fde-ebaf-4038-a82e-b81a56a71c85,1. FC Köln,CURRENT_BUNDESLIGA_CLUB,92149536-119c-46fd-b4fa-e89360d7befb,IDENTITY_LEGITIMATED,ssot-legit:e8fd6a27-03ce-4324-a4d5-f6608caac0bc,,,,pilot_data/w3_1/ssot_supply/evidence-run-01/dec030-koeln-player-decisions-2026-09-05.json,pilot_data/w3_1/ssot_supply/evidence-run-01/canonical/kicker-roster-koeln-2026-27-full.json,PASS,Identity/position/club evidence present; not claimed as materialized in W3.1 Mathias-36 release scope.
Carsten,A79:C79,Ben Seghir,Eliesse Ben Seghir,S,S,88e95874-a174-41ab-992a-858f289b4489,Bayer 04 Leverkusen,CURRENT_BUNDESLIGA_CLUB,03a4b4b3-6cf6-48c6-839b-d80b3a9069c3,IDENTITY_LEGITIMATED,ssot-legit:7e79a5a4-0df4-4c0d-93c9-17e30e989481,,,,pilot_data/w3_1/ssot_supply/evidence-run-01/dec030-leverkusen-player-decisions-2026-09-05.json,pilot_data/w3_1/ssot_supply/evidence-run-01/canonical/kicker-roster-leverkusen-2026-27-full.json,PASS,Identity/position/club evidence present; not claimed as materialized in W3.1 Mathias-36 release scope.
Carsten,A80:C80,Moffi,Terem Moffi,S,S,6a831a04-518e-45f2-a956-df92e88ab4c5,Hamburger SV,CURRENT_BUNDESLIGA_CLUB,15b40c17-fa0b-4097-9a68-a26c02c49830,IDENTITY_LEGITIMATED,ssot-legit:6b36107f-7603-487b-b08f-9ba457b51f08,,,,pilot_data/w3_1/ssot_supply/evidence-run-01/dec030-hamburg-player-decisions-2026-09-05.json,pilot_data/w3_1/ssot_supply/evidence-run-01/canonical/kicker-roster-hamburg-2026-27-full.json,PASS,Identity/position/club evidence present; not claimed as materialized in W3.1 Mathias-36 release scope.
Carsten,A81:C81,Fabio Silva,Fabio Silva,S,S,700156a2-a838-4b75-b508-648f3c2de4c2,Borussia Dortmund,CURRENT_BUNDESLIGA_CLUB,02b0d742-c110-40ac-8bf1-ed45a4b80377,IDENTITY_LEGITIMATED,ssot-legit:079f33aa-719c-4a39-9e8d-049d49b74325,,,,pilot_data/w3_1/ssot_supply/evidence-run-01/dec030-dortmund-player-decisions-2026-09-05.json,pilot_data/w3_1/ssot_supply/evidence-run-01/canonical/kicker-roster-dortmund-2026-27-full.json,PASS,Identity/position/club evidence present; not claimed as materialized in W3.1 Mathias-36 release scope.
Carsten,A82:C82,Sylla,Moussa Sylla,S,S,418249d6-6dc3-4db8-b2fc-5c9dff9c890f,FC Schalke 04,CURRENT_BUNDESLIGA_CLUB,14977262-91bd-4620-8b37-36052935109e,IDENTITY_LEGITIMATED,ssot-legit:55346baa-055d-4239-9953-0a6e89e0fa8f,,,,pilot_data/w3_1/ssot_supply/evidence-run-01/dec030-schalke-player-decisions-2026-09-05.json,pilot_data/w3_1/ssot_supply/evidence-run-01/canonical/kicker-roster-schalke-2026-27-full.json,PASS,Identity/position/club evidence present; not claimed as materialized in W3.1 Mathias-36 release scope.
Carsten,A83:C83,Ebnoutalib,Younes Ebnoutalib,S,S,917d6b4b-64c5-4d2f-a6f8-75b299b4707c,Eintracht Frankfurt,CURRENT_BUNDESLIGA_CLUB,9c5535c8-dcbb-4698-a1ad-ad255e9c3ad3,IDENTITY_LEGITIMATED,ssot-legit:11bba3fb-877e-465d-b10e-5f8bb67b867c,,,,pilot_data/w3_1/ssot_supply/evidence-run-01/dec030-frankfurt-player-decisions-2026-09-05.json,pilot_data/w3_1/ssot_supply/evidence-run-01/canonical/kicker-roster-frankfurt-2026-27-full.json,PASS,Identity/position/club evidence present; not claimed as materialized in W3.1 Mathias-36 release scope.
Carsten,A84:C84,Bakayoko,Johan Bakayoko,S,S,53ac8e69-fde3-411d-8ae1-3c2f405ced9a,RB Leipzig,CURRENT_BUNDESLIGA_CLUB,5b024d53-f276-41b4-8999-40c731f7efcb,IDENTITY_LEGITIMATED,ssot-legit:8b8b7742-5a18-4eec-be92-160284e4f757,,,,pilot_data/w3_1/ssot_supply/evidence-run-01/dec030-leipzig-player-decisions-2026-09-05.json,pilot_data/w3_1/ssot_supply/evidence-run-01/canonical/kicker-roster-leipzig-2026-27-full.json,PASS,Identity/position/club evidence present; not claimed as materialized in W3.1 Mathias-36 release scope.
Carsten,A85:C85,Zaragoza,Bryan Zaragoza,S,S,a92e3750-821f-4d96-ae13-91ad03103e8b,RCD Espanyol,OUTSIDE_BUNDESLIGA,,IDENTITY_LEGITIMATED,ssot-legit:35f5e16e-76f6-4026-ad1b-2d4e25bcb6c1,,,,pilot_data/w3_2/comparison_ssot/dec030-comparison-rest18-2026-09-09.json,https://www.kicker.de/bryan-zaragoza/spieler;https://fcbayern.com/de/news/2026/08/wechsel-nach-barcelona-fc-bayern-verleiht-bryan-zaragoza-an-espanyol,PASS,Identity/position/club evidence present; not claimed as materialized in W3.1 Mathias-36 release scope.
Carsten,A86:C86,Tietz,Phillip Tietz,S,S,8065021b-85b7-42e6-9789-3a978a16989c,1. FSV Mainz 05,CURRENT_BUNDESLIGA_CLUB,32d37292-0b2b-462e-a536-fa9fbe6d28ae,IDENTITY_LEGITIMATED,ssot-legit:852dad3d-610f-4c63-bbe3-da1daa7a3d8d,,,,pilot_data/w3_1/ssot_supply/evidence-run-01/dec030-mainz-player-decisions-2026-09-05.json,pilot_data/w3_1/ssot_supply/evidence-run-01/canonical/kicker-roster-mainz-2026-27-full.json,PASS,Identity/position/club evidence present; not claimed as materialized in W3.1 Mathias-36 release scope.
Carsten,A87:C87,Terrier,Martin Terrier,S,S,2f312ee1-71ea-4955-a3b7-5e868913c681,Bayer 04 Leverkusen,CURRENT_BUNDESLIGA_CLUB,03a4b4b3-6cf6-48c6-839b-d80b3a9069c3,IDENTITY_LEGITIMATED,ssot-legit:0bed6eba-bef3-4206-88e3-0d8658db8c37,,,,pilot_data/w3_1/ssot_supply/evidence-run-01/dec030-leverkusen-player-decisions-2026-09-05.json,pilot_data/w3_1/ssot_supply/evidence-run-01/canonical/kicker-roster-leverkusen-2026-27-full.json,PASS,Identity/position/club evidence present; not claimed as materialized in W3.1 Mathias-36 release scope.
Carsten,A88:C88,Hlozek,Adam Hložek,S,S,200cd363-e920-41b5-91cc-44e8e34195e8,TSG Hoffenheim,CURRENT_BUNDESLIGA_CLUB,eabf1c96-ac52-467b-934e-b11a9843778b,IDENTITY_LEGITIMATED,ssot-legit:a4b37aea-f09e-4707-b26e-30e6d4d8f157,,,,pilot_data/w3_1/ssot_supply/evidence-run-01/dec030-hoffenheim-player-decisions-2026-09-05.json,pilot_data/w3_1/ssot_supply/evidence-run-01/canonical/kicker-roster-hoffenheim-2026-27-full.json,PASS,Identity/position/club evidence present; not claimed as materialized in W3.1 Mathias-36 release scope.
Carsten,A89:C89,Gregoritsch,Michael Gregoritsch,S,S,55deda0d-829e-4217-8ec2-fef27089b8b0,FC Augsburg,CURRENT_BUNDESLIGA_CLUB,3a57ccaf-f710-46bd-9526-1d165bebf215,IDENTITY_LEGITIMATED,ssot-legit:5f9fe373-c6f8-4d19-b3c3-ec43f2a97e5c,,,,pilot_data/w3_1/ssot_supply/evidence-run-01/dec030-augsburg-player-decisions.json,pilot_data/w3_1/ssot_supply/evidence-run-01/canonical/kicker-roster-augsburg-2026-27-full.json,PASS,Identity/position/club evidence present; not claimed as materialized in W3.1 Mathias-36 release scope.
Carsten,A90:C90,Njimmnah,Justin Njinmah,S,S,80951014-379d-4890-a548-4f612ff0b3ce,SV Werder Bremen,CURRENT_BUNDESLIGA_CLUB,965e7790-3520-4864-8cb2-da450c415a3b,IDENTITY_LEGITIMATED,ssot-legit:0e7c9e50-2cc1-40b7-b53d-f85bc6b52ffb,,,,pilot_data/w3_1/ssot_supply/evidence-run-01/dec030-bremen-player-decisions-2026-09-05.json,pilot_data/w3_1/ssot_supply/evidence-run-01/canonical/kicker-roster-bremen-2026-27-full.json,PASS,Identity/position/club evidence present; not claimed as materialized in W3.1 Mathias-36 release scope.
Carsten,A91:C91,Latte,Emmanuel Latte Lath,S,S,0e020b37-e851-447a-a793-2411a54d40ea,1. FC Union Berlin,CURRENT_BUNDESLIGA_CLUB,237bae42-cb35-4cb3-8e8d-3951c14e0e48,IDENTITY_LEGITIMATED,ssot-legit:5d978159-57a3-4b8e-812e-2506911a9d54,,,,pilot_data/w3_1/ssot_supply/evidence-run-01/dec030-union-berlin-player-decisions-2026-09-05.json,pilot_data/w3_1/ssot_supply/evidence-run-01/canonical/kicker-roster-union-berlin-2026-27-full.json,PASS,Identity/position/club evidence present; not claimed as materialized in W3.1 Mathias-36 release scope.
Carsten,A92:C92,Vogt,Alessandro Vogt,S,S,54608d77-fb06-41d2-954e-334aa97fd471,1. FC Heidenheim,OUTSIDE_BUNDESLIGA,,IDENTITY_LEGITIMATED,ssot-legit:d58e8dfb-2395-44d0-91dd-1be2ecf94400,,,,pilot_data/w3_2/comparison_ssot/dec030-comparison-rest18-2026-09-09.json,https://www.kicker.de/alessandro-vogt/spieler;https://www.fc-heidenheim.de/news/detail/der-fch-leiht-den-schweizerischen-u21-nationalspieler-alessandro-vogt-von-hoffenheim-aus,PASS,Identity/position/club evidence present; not claimed as materialized in W3.1 Mathias-36 release scope.
Carsten,A97:C97,Guéla Doué,Guéla Doué,A,A,1e1d2305-7391-4917-ace9-6d4ff6f0a252,Bayer 04 Leverkusen,CURRENT_BUNDESLIGA_CLUB,03a4b4b3-6cf6-48c6-839b-d80b3a9069c3,IDENTITY_LEGITIMATED,ssot-legit:1aafb649-690a-4df1-a8c3-846db8582a5f,,,,pilot_data/w3_1/ssot_supply/evidence-run-01/dec030-leverkusen-player-decisions-2026-09-05.json,pilot_data/w3_1/ssot_supply/evidence-run-01/canonical/kicker-roster-leverkusen-2026-27-full.json,PASS,Identity/position/club evidence present; not claimed as materialized in W3.1 Mathias-36 release scope.
Florian,A2:C2,Urbig,Jonas Urbig,T,T,097ee81b-a119-43e7-a26c-562ab997b084,FC Bayern München,CURRENT_BUNDESLIGA_CLUB,5e5baf09-5fef-46b3-8db4-361565c5a484,IDENTITY_LEGITIMATED,ssot-legit:4a3c2255-61ae-407c-82b0-d1d84000e067,,,,pilot_data/w3_1/ssot_supply/evidence-run-01/dec030-bayern-player-decisions-2026-09-05.json,pilot_data/w3_1/ssot_supply/evidence-run-01/canonical/kicker-roster-bayern-2026-27-full.json,PASS,Identity/position/club evidence present; not claimed as materialized in W3.1 Mathias-36 release scope.
Florian,A3:C3,Neuer,Manuel Neuer,T,T,8c7bd919-4039-4e20-a139-7c7bbf82a816,FC Bayern München,CURRENT_BUNDESLIGA_CLUB,5e5baf09-5fef-46b3-8db4-361565c5a484,IDENTITY_LEGITIMATED,ssot-legit:7f4ad577-6b96-468b-856a-ca4dc779d9de,,,,pilot_data/w3_1/ssot_supply/evidence-run-01/dec030-bayern-player-decisions-2026-09-05.json,pilot_data/w3_1/ssot_supply/evidence-run-01/canonical/kicker-roster-bayern-2026-27-full.json,PASS,Identity/position/club evidence present; not claimed as materialized in W3.1 Mathias-36 release scope.
Florian,A4:C4,Schwäbe,Marvin Schwäbe,T,T,9d22c2e2-0a47-4804-b538-dd8e387f4311,1. FC Köln,CURRENT_BUNDESLIGA_CLUB,92149536-119c-46fd-b4fa-e89360d7befb,IDENTITY_LEGITIMATED,ssot-legit:a7ab1322-40bd-40de-921c-44ad2249f009,,,,pilot_data/w3_1/ssot_supply/evidence-run-01/dec030-koeln-player-decisions-2026-09-05.json,pilot_data/w3_1/ssot_supply/evidence-run-01/canonical/kicker-roster-koeln-2026-27-full.json,PASS,Identity/position/club evidence present; not claimed as materialized in W3.1 Mathias-36 release scope.
Florian,A6:C6,Simpson-Pusey,Jahmai Simpson-Pusey,A,A,d17ae443-b3d2-4b35-b74a-d1bf8e0930f4,1. FC Köln,CURRENT_BUNDESLIGA_CLUB,92149536-119c-46fd-b4fa-e89360d7befb,IDENTITY_LEGITIMATED,ssot-legit:921fd2bf-454a-4a8e-a1c6-ce3d31fd6847,,,,pilot_data/w3_1/ssot_supply/evidence-run-01/dec030-koeln-player-decisions-2026-09-05.json,pilot_data/w3_1/ssot_supply/evidence-run-01/canonical/kicker-roster-koeln-2026-27-full.json,PASS,Identity/position/club evidence present; not claimed as materialized in W3.1 Mathias-36 release scope.
Florian,A7:C7,Querfeld,Leopold Querfeld,A,A,ac3d0e87-6f85-43e9-b52b-c726b2c1f34d,1. FC Union Berlin,CURRENT_BUNDESLIGA_CLUB,237bae42-cb35-4cb3-8e8d-3951c14e0e48,IDENTITY_LEGITIMATED,ssot-legit:8c571871-1832-4c24-a1c6-c07cc3930809,,,,pilot_data/w3_1/ssot_supply/evidence-run-01/dec030-union-berlin-player-decisions-2026-09-05.json,pilot_data/w3_1/ssot_supply/evidence-run-01/canonical/kicker-roster-union-berlin-2026-27-full.json,PASS,Identity/position/club evidence present; not claimed as materialized in W3.1 Mathias-36 release scope.
Florian,A8:C8,Hajdari,Albian Hajdari,A,A,8b4df47b-8b7e-4b04-9612-6d47b9f94e1e,TSG Hoffenheim,CURRENT_BUNDESLIGA_CLUB,eabf1c96-ac52-467b-934e-b11a9843778b,IDENTITY_LEGITIMATED,ssot-legit:1d90340b-449d-4dc0-a4f9-a802c377694b,,,,pilot_data/w3_1/ssot_supply/evidence-run-01/dec030-hoffenheim-player-decisions-2026-09-05.json,pilot_data/w3_1/ssot_supply/evidence-run-01/canonical/kicker-roster-hoffenheim-2026-27-full.json,PASS,Identity/position/club evidence present; not claimed as materialized in W3.1 Mathias-36 release scope.
Florian,A9:C9,Gosens,Robin Gosens,A,A,61e9a705-60a4-4257-ae0a-192ce0418101,FC Schalke 04,CURRENT_BUNDESLIGA_CLUB,14977262-91bd-4620-8b37-36052935109e,IDENTITY_LEGITIMATED,ssot-legit:3df0ae31-7c02-4a38-830b-5c55ea5ab9a6,,,,pilot_data/w3_1/ssot_supply/evidence-run-01/dec030-schalke-player-decisions-2026-09-05.json,pilot_data/w3_1/ssot_supply/evidence-run-01/canonical/kicker-roster-schalke-2026-27-full.json,PASS,Identity/position/club evidence present; not claimed as materialized in W3.1 Mathias-36 release scope.
Florian,A10:C10,Theate,Arthur Theate,A,A,e7d8b66c-53ea-4c38-a10e-8e842c66fa46,Bologna FC,OUTSIDE_BUNDESLIGA,,IDENTITY_LEGITIMATED,ssot-legit:87aec8dd-014d-4f51-81f7-951c54ad1156,,,,pilot_data/w3_2/comparison_ssot/dec030-comparison-rest18-2026-09-09.json,https://www.kicker.de/arthur-theate/spieler;https://www.bolognafc.it/en/arthur-theate-joins-bologna-2/,PASS,Identity/position/club evidence present; not claimed as materialized in W3.1 Mathias-36 release scope.
Florian,A11:C11,Reggiani,Luca Reggiani,A,A,a65851ec-9494-4662-aeea-6966b806da19,Borussia Dortmund,CURRENT_BUNDESLIGA_CLUB,02b0d742-c110-40ac-8bf1-ed45a4b80377,IDENTITY_LEGITIMATED,ssot-legit:11ef5a07-561d-4311-a34f-38684798977c,,,,pilot_data/w3_1/ssot_supply/evidence-run-01/dec030-dortmund-player-decisions-2026-09-05.json,pilot_data/w3_1/ssot_supply/evidence-run-01/canonical/kicker-roster-dortmund-2026-27-full.json,PASS,Identity/position/club evidence present; not claimed as materialized in W3.1 Mathias-36 release scope.
Florian,A12:C12,Medina,Facundo Medina,A,A,a4a62c57-af39-4da9-baf8-6f8dc52d9bbd,Bayer 04 Leverkusen,CURRENT_BUNDESLIGA_CLUB,03a4b4b3-6cf6-48c6-839b-d80b3a9069c3,IDENTITY_LEGITIMATED,ssot-legit:52d808c4-f5ef-46eb-a151-b036aec7d6cb,,,,pilot_data/w3_1/ssot_supply/evidence-run-01/dec030-leverkusen-player-decisions-2026-09-05.json,pilot_data/w3_1/ssot_supply/evidence-run-01/canonical/kicker-roster-leverkusen-2026-27-full.json,PASS,Identity/position/club evidence present; not claimed as materialized in W3.1 Mathias-36 release scope.
Florian,A13:C13,Miguel,Miguel Gutiérrez,A,A,e110ca57-a812-4213-9bcb-fcfa9be74a74,Bayer 04 Leverkusen,CURRENT_BUNDESLIGA_CLUB,03a4b4b3-6cf6-48c6-839b-d80b3a9069c3,IDENTITY_LEGITIMATED,ssot-legit:361c85ce-ad74-4517-9f42-4866cade048a,,,,pilot_data/w3_1/ssot_supply/evidence-run-01/dec030-leverkusen-player-decisions-2026-09-05.json,pilot_data/w3_1/ssot_supply/evidence-run-01/canonical/kicker-roster-leverkusen-2026-27-full.json,PASS,Identity/position/club evidence present; not claimed as materialized in W3.1 Mathias-36 release scope.
Florian,A14:C14,Finkgräfe,Max Finkgräfe,A,A,dbc169d8-ff30-43f8-a1f5-a51a1924edff,RB Leipzig,CURRENT_BUNDESLIGA_CLUB,5b024d53-f276-41b4-8999-40c731f7efcb,IDENTITY_LEGITIMATED,ssot-legit:4f0e6cfb-0e9a-4c01-a63f-a4b95287c86e,,,,pilot_data/w3_1/ssot_supply/evidence-run-01/dec030-leipzig-player-decisions-2026-09-05.json,pilot_data/w3_1/ssot_supply/evidence-run-01/canonical/kicker-roster-leipzig-2026-27-full.json,PASS,Identity/position/club evidence present; not claimed as materialized in W3.1 Mathias-36 release scope.
Florian,A15:C15,Behrens,Hennes Behrens,A,A,2d77119c-8222-4558-b8bb-58d75be8b6f6,FC Augsburg,CURRENT_BUNDESLIGA_CLUB,3a57ccaf-f710-46bd-9526-1d165bebf215,IDENTITY_LEGITIMATED,ssot-legit:9ea3d51b-560b-4a88-a057-9b2139ee5708,,,,pilot_data/w3_1/ssot_supply/evidence-run-01/dec030-augsburg-player-decisions.json,pilot_data/w3_1/ssot_supply/evidence-run-01/canonical/kicker-roster-augsburg-2026-27-full.json,PASS,Identity/position/club evidence present; not claimed as materialized in W3.1 Mathias-36 release scope.
Florian,A16:C16,Günther,Christian Günter,A,A,07ad419c-63e2-4efd-be9e-803076621be1,SC Freiburg,CURRENT_BUNDESLIGA_CLUB,219aec8e-8fcc-417e-a5ab-fba932920838,IDENTITY_LEGITIMATED,ssot-legit:b4d18cd1-3303-4be8-adcc-12e294b424f7,,,,pilot_data/w3_1/ssot_supply/evidence-run-01/dec030-freiburg-player-decisions.json,pilot_data/w3_1/ssot_supply/evidence-run-01/canonical/kicker-roster-freiburg-2026-27-full.json,PASS,Identity/position/club evidence present; not claimed as materialized in W3.1 Mathias-36 release scope.
Florian,A17:C17,Prates,Kaua Prates,A,A,79011c8e-52bb-496c-ae3b-2daae6a7b222,Borussia Dortmund,CURRENT_BUNDESLIGA_CLUB,02b0d742-c110-40ac-8bf1-ed45a4b80377,IDENTITY_LEGITIMATED,ssot-legit:28aa3d49-6c97-484d-896f-e84ed8436e52,,,,pilot_data/w3_1/ssot_supply/evidence-run-01/dec030-dortmund-player-decisions-2026-09-05.json,pilot_data/w3_1/ssot_supply/evidence-run-01/canonical/kicker-roster-dortmund-2026-27-full.json,PASS,Identity/position/club evidence present; not claimed as materialized in W3.1 Mathias-36 release scope.
Florian,A18:C18,Itakura,Ko Itakura,A,A,e01d76a4-d9ed-4df9-8072-f9f402984493,Borussia Mönchengladbach,CURRENT_BUNDESLIGA_CLUB,f97c8435-a5dd-4a19-8d09-347f6fa31a4f,IDENTITY_LEGITIMATED,ssot-legit:ff0f1764-6350-46a1-ad4e-f1226c89fccc,,,,pilot_data/w3_1/ssot_supply/evidence-run-01/dec030-gladbach-player-decisions-2026-09-05.json,pilot_data/w3_1/ssot_supply/evidence-run-01/canonical/kicker-roster-gladbach-2026-27-full.json,PASS,Identity/position/club evidence present; not claimed as materialized in W3.1 Mathias-36 release scope.
Florian,A19:C19,Lemke,Louis Lemke,A,A,40bbbf2b-390b-4fde-b353-8a1510cdacf0,Hamburger SV,CURRENT_BUNDESLIGA_CLUB,15b40c17-fa0b-4097-9a68-a26c02c49830,IDENTITY_LEGITIMATED,ssot-legit:a16567bd-c0bb-4979-a4e6-0a5c87e04548,,,,pilot_data/w3_1/ssot_supply/evidence-run-01/dec030-hamburg-player-decisions-2026-09-05.json,pilot_data/w3_1/ssot_supply/evidence-run-01/canonical/kicker-roster-hamburg-2026-27-full.json,PASS,Identity/position/club evidence present; not claimed as materialized in W3.1 Mathias-36 release scope.
Florian,A20:C20,Collins,Nnamdi Collins,A,A,dd032728-6c55-4cfc-af8d-5d44f82eb679,Eintracht Frankfurt,CURRENT_BUNDESLIGA_CLUB,9c5535c8-dcbb-4698-a1ad-ad255e9c3ad3,IDENTITY_LEGITIMATED,ssot-legit:37432b8b-aef8-4a99-a118-3ce0725b1f6b,,,,pilot_data/w3_1/ssot_supply/evidence-run-01/dec030-frankfurt-player-decisions-2026-09-05.json,pilot_data/w3_1/ssot_supply/evidence-run-01/canonical/kicker-roster-frankfurt-2026-27-full.json,PASS,Identity/position/club evidence present; not claimed as materialized in W3.1 Mathias-36 release scope.
Florian,A21:C21,Rothe,Tom Rothe,A,A,86bb6302-bb0a-4d0e-9c24-904e1a68a15a,1. FC Union Berlin,CURRENT_BUNDESLIGA_CLUB,237bae42-cb35-4cb3-8e8d-3951c14e0e48,IDENTITY_LEGITIMATED,ssot-legit:2463f425-5e04-4b00-a3e2-3be2e34d3123,,,,pilot_data/w3_1/ssot_supply/evidence-run-01/dec030-union-berlin-player-decisions-2026-09-05.json,pilot_data/w3_1/ssot_supply/evidence-run-01/canonical/kicker-roster-union-berlin-2026-27-full.json,PASS,Identity/position/club evidence present; not claimed as materialized in W3.1 Mathias-36 release scope.
Florian,A22:C22,Baum,Elias Baum,A,A,d9fdc5b8-208a-48ea-a3d5-5ee76691f853,Eintracht Frankfurt,CURRENT_BUNDESLIGA_CLUB,9c5535c8-dcbb-4698-a1ad-ad255e9c3ad3,IDENTITY_LEGITIMATED,ssot-legit:5be30e8c-617a-4a7d-bdd1-7933182c83e3,,,,pilot_data/w3_1/ssot_supply/evidence-run-01/dec030-frankfurt-player-decisions-2026-09-05.json,pilot_data/w3_1/ssot_supply/evidence-run-01/canonical/kicker-roster-frankfurt-2026-27-full.json,PASS,Identity/position/club evidence present; not claimed as materialized in W3.1 Mathias-36 release scope.
Florian,A23:C23,Hranac,Robin Hranáč,A,A,518387d8-93e6-4cc5-92a1-d3fc3de94e0e,TSG Hoffenheim,CURRENT_BUNDESLIGA_CLUB,eabf1c96-ac52-467b-934e-b11a9843778b,IDENTITY_LEGITIMATED,ssot-legit:c9d5b00b-f5fb-469f-bad4-1df465b1e82a,,,,pilot_data/w3_1/ssot_supply/evidence-run-01/dec030-hoffenheim-player-decisions-2026-09-05.json,pilot_data/w3_1/ssot_supply/evidence-run-01/canonical/kicker-roster-hoffenheim-2026-27-full.json,PASS,Identity/position/club evidence present; not claimed as materialized in W3.1 Mathias-36 release scope.
Florian,A24:C24,Bade,Loïc Badé,A,A,1e1527d7-3299-4a50-933b-d1a9ad8d741e,Bayer 04 Leverkusen,CURRENT_BUNDESLIGA_CLUB,03a4b4b3-6cf6-48c6-839b-d80b3a9069c3,IDENTITY_LEGITIMATED,ssot-legit:dced5762-db32-436a-9ea3-ad795f0cf4bf,,,,pilot_data/w3_1/ssot_supply/evidence-run-01/dec030-leverkusen-player-decisions-2026-09-05.json,pilot_data/w3_1/ssot_supply/evidence-run-01/canonical/kicker-roster-leverkusen-2026-27-full.json,PASS,Identity/position/club evidence present; not claimed as materialized in W3.1 Mathias-36 release scope.
Florian,A25:C25,Tape,Axel Tape,A,A,54839d75-ca35-43a7-b1e3-11042ace36c9,Levante UD,OUTSIDE_BUNDESLIGA,,IDENTITY_LEGITIMATED,ssot-legit:e1302bf1-b31b-4192-a3d0-943bd9122275,,,,pilot_data/w3_2/comparison_ssot/dec030-comparison-rest18-2026-09-09.json,https://www.kicker.de/axel-tape/spieler/dfb-pokal/2025-26/bayer-04-leverkusen;https://www.bayer04.de/en-us/news/bayer04/bayer-04-loan-tape-to-levante-ud,PASS,Identity/position/club evidence present; not claimed as materialized in W3.1 Mathias-36 release scope.
Florian,A26:C26,Banks,Noahkai Banks,A,A,00e862df-7386-47e6-91ca-96e60623939a,FC Augsburg,CURRENT_BUNDESLIGA_CLUB,3a57ccaf-f710-46bd-9526-1d165bebf215,IDENTITY_LEGITIMATED,ssot-legit:7b29cd5d-3c53-4f33-8e4d-1c4b1a6388e1,,,,pilot_data/w3_1/ssot_supply/evidence-run-01/dec030-augsburg-player-decisions.json,pilot_data/w3_1/ssot_supply/evidence-run-01/canonical/kicker-roster-augsburg-2026-27-full.json,PASS,Identity/position/club evidence present; not claimed as materialized in W3.1 Mathias-36 release scope.
Florian,A27:C27,Herold,David Herold,A,A,7e098ecc-e31b-404e-ad50-db6c498769b1,Borussia Mönchengladbach,CURRENT_BUNDESLIGA_CLUB,f97c8435-a5dd-4a19-8d09-347f6fa31a4f,IDENTITY_LEGITIMATED,ssot-legit:9d7f11d6-8001-4c64-b58a-3f05160d8f34,,,,pilot_data/w3_1/ssot_supply/evidence-run-01/dec030-gladbach-player-decisions-2026-09-05.json,pilot_data/w3_1/ssot_supply/evidence-run-01/canonical/kicker-roster-gladbach-2026-27-full.json,PASS,Identity/position/club evidence present; not claimed as materialized in W3.1 Mathias-36 release scope.
Florian,A28:C28,Henrichs,Benjamin Henrichs,A,A,f838bdc9-f177-4bc1-bab8-ec5c8fd4cf45,RB Leipzig,CURRENT_BUNDESLIGA_CLUB,5b024d53-f276-41b4-8999-40c731f7efcb,IDENTITY_LEGITIMATED,ssot-legit:2cd32226-a512-48e0-8f75-ec4ffa698f7e,,,,pilot_data/w3_1/ssot_supply/evidence-run-01/dec030-leipzig-player-decisions-2026-09-05.json,pilot_data/w3_1/ssot_supply/evidence-run-01/canonical/kicker-roster-leipzig-2026-27-full.json,PASS,Identity/position/club evidence present; not claimed as materialized in W3.1 Mathias-36 release scope.
Florian,A29:C29,Jaquez,Luca Jaquez,A,A,38486947-0e63-4f34-98b6-bef25270c145,VfB Stuttgart,CURRENT_BUNDESLIGA_CLUB,1f193f57-cb65-4399-9373-7800d6600692,IDENTITY_LEGITIMATED,ssot-legit:fb0d7bf5-0832-4f67-b78c-2d06c76bcf01,,,,pilot_data/w3_1/ssot_supply/evidence-run-01/dec030-stuttgart-player-decisions-2026-09-05.json,pilot_data/w3_1/ssot_supply/evidence-run-01/canonical/kicker-roster-stuttgart-2026-27-full.json,PASS,Identity/position/club evidence present; not claimed as materialized in W3.1 Mathias-36 release scope.
Florian,A30:C30,Kosogi,Keita Kosugi,A,A,dcded706-552f-44ee-ac4c-60c184aa6982,Eintracht Frankfurt,CURRENT_BUNDESLIGA_CLUB,9c5535c8-dcbb-4698-a1ad-ad255e9c3ad3,IDENTITY_LEGITIMATED,ssot-legit:8a557edb-8a5d-4449-9b03-2c3eee41c86e,,,,pilot_data/w3_1/ssot_supply/evidence-run-01/dec030-frankfurt-player-decisions-2026-09-05.json,pilot_data/w3_1/ssot_supply/evidence-run-01/canonical/kicker-roster-frankfurt-2026-27-full.json,PASS,Identity/position/club evidence present; not claimed as materialized in W3.1 Mathias-36 release scope.
Florian,A31:C31,Potulski,Kacper Potulski,A,A,e16fe991-2a78-44b3-87cd-0370ad733f81,1. FSV Mainz 05,CURRENT_BUNDESLIGA_CLUB,32d37292-0b2b-462e-a536-fa9fbe6d28ae,IDENTITY_LEGITIMATED,ssot-legit:03e0f9b5-35b3-40df-9232-7c1fe0da7126,,,,pilot_data/w3_1/ssot_supply/evidence-run-01/player-decision-potulski-resolution-index-2026-09-09.json,pilot_data/w3_1/ssot_supply/evidence-run-01/canonical/kicker-roster-mainz-2026-27-full.json,PASS,Identity/position/club evidence present; not claimed as materialized in W3.1 Mathias-36 release scope.
Florian,A32:C32,Bornauw,Sebastiaan Bornauw,A,A,d46e2b2e-e615-4e0b-9113-73f9767348e7,Hamburger SV,CURRENT_BUNDESLIGA_CLUB,15b40c17-fa0b-4097-9a68-a26c02c49830,IDENTITY_LEGITIMATED,ssot-legit:06c35fc3-7a24-4aa4-a6bd-4b8b14b29aa8,,,,pilot_data/w3_1/ssot_supply/evidence-run-01/dec030-hamburg-player-decisions-2026-09-05.json,pilot_data/w3_1/ssot_supply/evidence-run-01/canonical/kicker-roster-hamburg-2026-27-full.json,PASS,Identity/position/club evidence present; not claimed as materialized in W3.1 Mathias-36 release scope.
Florian,A33:C33,Capaldo,Nicolas Capaldo,A,A,24cc6609-2e6a-47d2-b24f-cbba20d0062d,Hamburger SV,CURRENT_BUNDESLIGA_CLUB,15b40c17-fa0b-4097-9a68-a26c02c49830,IDENTITY_LEGITIMATED,ssot-legit:cf6c55e3-ec03-41e6-b781-864a3a480a85,,,,pilot_data/w3_1/ssot_supply/evidence-run-01/dec030-hamburg-player-decisions-2026-09-05.json,pilot_data/w3_1/ssot_supply/evidence-run-01/canonical/kicker-roster-hamburg-2026-27-full.json,PASS,Identity/position/club evidence present; not claimed as materialized in W3.1 Mathias-36 release scope.
Florian,A34:C34,Yilmaz,Berkay Yilmaz,A,A,4bbcbb4a-345d-4904-9147-ba00f7c04aa7,SC Freiburg,CURRENT_BUNDESLIGA_CLUB,219aec8e-8fcc-417e-a5ab-fba932920838,IDENTITY_LEGITIMATED,ssot-legit:cc7876d9-20dd-4426-86bc-f6e3e61b1067,,,,pilot_data/w3_1/ssot_supply/evidence-run-01/dec030-freiburg-player-decisions.json,pilot_data/w3_1/ssot_supply/evidence-run-01/canonical/kicker-roster-freiburg-2026-27-full.json,PASS,Identity/position/club evidence present; not claimed as materialized in W3.1 Mathias-36 release scope.
Florian,A35:C35,Mane,Filippo Mane,A,A,837996f4-160e-4009-b7ab-9ff5a5776ac6,Borussia Dortmund,CURRENT_BUNDESLIGA_CLUB,02b0d742-c110-40ac-8bf1-ed45a4b80377,IDENTITY_LEGITIMATED,ssot-legit:9d54b147-36c3-4a9b-a290-35c7f5c7ce77,,,,pilot_data/w3_1/ssot_supply/evidence-run-01/dec030-dortmund-player-decisions-2026-09-05.json,pilot_data/w3_1/ssot_supply/evidence-run-01/canonical/kicker-roster-dortmund-2026-27-full.json,PASS,Identity/position/club evidence present; not claimed as materialized in W3.1 Mathias-36 release scope.
Florian,A36:C36,Friedl,Marco Friedl,A,A,bf082c00-a705-4bc8-9ed3-c4f5c8205958,SV Werder Bremen,CURRENT_BUNDESLIGA_CLUB,965e7790-3520-4864-8cb2-da450c415a3b,IDENTITY_LEGITIMATED,ssot-legit:58b09402-0977-43ea-b3f6-0f7a2070aa27,,,,pilot_data/w3_1/ssot_supply/evidence-run-01/dec030-bremen-player-decisions-2026-09-05.json,pilot_data/w3_1/ssot_supply/evidence-run-01/canonical/kicker-roster-bremen-2026-27-full.json,PASS,Identity/position/club evidence present; not claimed as materialized in W3.1 Mathias-36 release scope.
Florian,A37:C37,el Mala,Said El Mala,M,M,bae86740-1044-40b4-9fcf-093df09c8e2e,1. FC Köln,CURRENT_BUNDESLIGA_CLUB,92149536-119c-46fd-b4fa-e89360d7befb,IDENTITY_LEGITIMATED,ssot-legit:1e90fe34-0161-4dfb-bc0d-4a7ab8469dd9,,,,pilot_data/w3_1/ssot_supply/evidence-run-01/dec030-koeln-player-decisions-2026-09-05.json,pilot_data/w3_1/ssot_supply/evidence-run-01/canonical/kicker-roster-koeln-2026-27-full.json,PASS,Identity/position/club evidence present; not claimed as materialized in W3.1 Mathias-36 release scope.
Florian,A38:C38,Musiala,Jamal Musiala,M,M,9ed46b81-bb6e-4f84-a28d-92b0f019beb5,FC Bayern München,CURRENT_BUNDESLIGA_CLUB,5e5baf09-5fef-46b3-8db4-361565c5a484,IDENTITY_LEGITIMATED,ssot-legit:dc4a7f13-6cb3-4144-a9ca-89991a281962,,,,pilot_data/w3_1/ssot_supply/evidence-run-01/dec030-bayern-player-decisions-2026-09-05.json,pilot_data/w3_1/ssot_supply/evidence-run-01/canonical/kicker-roster-bayern-2026-27-full.json,PASS,Identity/position/club evidence present; not claimed as materialized in W3.1 Mathias-36 release scope.
Florian,A39:C39,Ouedraogo,Assan Ouédraogo,M,M,c0f04866-3fd4-4c5f-9d24-41a9185be28f,RB Leipzig,CURRENT_BUNDESLIGA_CLUB,5b024d53-f276-41b4-8999-40c731f7efcb,IDENTITY_LEGITIMATED,ssot-legit:d96a2356-31b3-4ecb-b997-ead086a83a08,,,,pilot_data/w3_1/ssot_supply/evidence-run-01/dec030-leipzig-player-decisions-2026-09-05.json,pilot_data/w3_1/ssot_supply/evidence-run-01/canonical/kicker-roster-leipzig-2026-27-full.json,PASS,Identity/position/club evidence present; not claimed as materialized in W3.1 Mathias-36 release scope.
Florian,A40:C40,El Khanouss,Bilal El Khannouss,M,M,dd5fab4b-1920-4a67-a8e1-c6856754fdee,VfB Stuttgart,CURRENT_BUNDESLIGA_CLUB,1f193f57-cb65-4399-9373-7800d6600692,IDENTITY_LEGITIMATED,ssot-legit:7e0d5bbb-5e4c-4990-9397-8ac6c552b8fe,,,,pilot_data/w3_1/ssot_supply/evidence-run-01/dec030-stuttgart-player-decisions-2026-09-05.json,pilot_data/w3_1/ssot_supply/evidence-run-01/canonical/kicker-roster-stuttgart-2026-27-full.json,PASS,Identity/position/club evidence present; not claimed as materialized in W3.1 Mathias-36 release scope.
Florian,A41:C41,Adeline,Martin Adeline,M,M,cb7e7b6b-1598-4ea1-a202-17bbd9a1b2c6,Hamburger SV,CURRENT_BUNDESLIGA_CLUB,15b40c17-fa0b-4097-9a68-a26c02c49830,IDENTITY_LEGITIMATED,ssot-legit:8b60e534-a933-406e-98f9-d48cf433130c,,,,pilot_data/w3_1/ssot_supply/evidence-run-01/dec030-hamburg-player-decisions-2026-09-05.json,pilot_data/w3_1/ssot_supply/evidence-run-01/canonical/kicker-roster-hamburg-2026-27-full.json,PASS,Identity/position/club evidence present; not claimed as materialized in W3.1 Mathias-36 release scope.
Florian,A42:C42,Aouchiche,Adil Aouchiche,M,M,0153aa3a-f3be-42c6-ad50-c16aaa10fb5d,FC Schalke 04,CURRENT_BUNDESLIGA_CLUB,14977262-91bd-4620-8b37-36052935109e,IDENTITY_LEGITIMATED,ssot-legit:284c9cd3-0311-401b-a520-339fd75cdd01,,,,pilot_data/w3_1/ssot_supply/evidence-run-01/dec030-schalke-player-decisions-2026-09-05.json,pilot_data/w3_1/ssot_supply/evidence-run-01/canonical/kicker-roster-schalke-2026-27-full.json,PASS,Identity/position/club evidence present; not claimed as materialized in W3.1 Mathias-36 release scope.
Florian,A43:C43,Onyeka,Francis Onyeka,M,M,a5bb514d-c03b-4a6d-b858-b94c44b81d54,SV Elversberg,CURRENT_BUNDESLIGA_CLUB,2533a473-468d-4bf7-b7db-69129a0f086e,IDENTITY_LEGITIMATED,ssot-legit:6100a7b8-a0f6-4148-8c0a-29e9e865ba2f,,,,pilot_data/w3_1/ssot_supply/evidence-run-01/dec030-elversberg-player-decisions-2026-09-05.json,pilot_data/w3_1/ssot_supply/evidence-run-01/canonical/kicker-roster-elversberg-2026-27-full.json,PASS,Identity/position/club evidence present; not claimed as materialized in W3.1 Mathias-36 release scope.
Florian,A44:C44,Mbangula,Samuel Mbangula,M,M,806ae0de-6d74-4df0-82c1-e50e83ada974,Bologna FC,OUTSIDE_BUNDESLIGA,,IDENTITY_LEGITIMATED,ssot-legit:55e94185-ff17-437b-8c42-c5d634359174,,,,pilot_data/w3_2/comparison_ssot/dec030-comparison-rest18-2026-09-09.json,user-evidence:Mbangula.pdf#sha256=77d785536663a593b1860d7391492e4abecb7a455bc30a0b140f2a8a8a753cc3;https://www.werder.de/news/maenner/2026-2027/pm-mbangula-01092026;https://www.bolognafc.it/en/samuel-mbangula-joins-the-rossoblu/,PASS,Identity/position/club evidence present; not claimed as materialized in W3.1 Mathias-36 release scope.
Florian,A45:C45,Onyedika,Raphael Onyedika,M,M,6b06a1fb-09d2-4c7f-81f8-f814188c646f,Eintracht Frankfurt,CURRENT_BUNDESLIGA_CLUB,9c5535c8-dcbb-4698-a1ad-ad255e9c3ad3,IDENTITY_LEGITIMATED,ssot-legit:0169bbf6-4ac9-4bd6-8e60-311f3c4c3ad2,,,,pilot_data/w3_1/ssot_supply/evidence-run-01/dec030-frankfurt-player-decisions-2026-09-05.json,pilot_data/w3_1/ssot_supply/evidence-run-01/canonical/kicker-roster-frankfurt-2026-27-full.json,PASS,Identity/position/club evidence present; not claimed as materialized in W3.1 Mathias-36 release scope.
Florian,A46:C46,de Cat,Nathan De Cat,M,M,f3d3e5cc-5ceb-4f3b-bbb0-a5dfcfed8dc2,TSG Hoffenheim,CURRENT_BUNDESLIGA_CLUB,eabf1c96-ac52-467b-934e-b11a9843778b,IDENTITY_LEGITIMATED,ssot-legit:e3617a4b-11b5-4af8-ab13-d52829ec8d05,,,,pilot_data/w3_1/ssot_supply/evidence-run-01/dec030-hoffenheim-player-decisions-2026-09-05.json,pilot_data/w3_1/ssot_supply/evidence-run-01/canonical/kicker-roster-hoffenheim-2026-27-full.json,PASS,Identity/position/club evidence present; not claimed as materialized in W3.1 Mathias-36 release scope.
Florian,A47:C47,Beste,Niklas Beste,M,M,613f9324-65a3-4434-b9bb-18a73e89fb72,SC Freiburg,CURRENT_BUNDESLIGA_CLUB,219aec8e-8fcc-417e-a5ab-fba932920838,IDENTITY_LEGITIMATED,ssot-legit:b3d89169-c1bf-40f1-9b02-7e7020d1abe6,,,,pilot_data/w3_1/ssot_supply/evidence-run-01/dec030-freiburg-player-decisions.json,pilot_data/w3_1/ssot_supply/evidence-run-01/canonical/kicker-roster-freiburg-2026-27-full.json,PASS,Identity/position/club evidence present; not claimed as materialized in W3.1 Mathias-36 release scope.
Florian,A48:C48,Mohya,Wael Mohya,M,M,4bd7adfe-66fd-4a10-afd8-5cd3f921cb42,Borussia Mönchengladbach,CURRENT_BUNDESLIGA_CLUB,f97c8435-a5dd-4a19-8d09-347f6fa31a4f,IDENTITY_LEGITIMATED,ssot-legit:9f450342-add9-45e6-bd0d-c000c4314dd0,,,,pilot_data/w3_1/ssot_supply/evidence-run-01/dec030-gladbach-player-decisions-2026-09-05.json,pilot_data/w3_1/ssot_supply/evidence-run-01/canonical/kicker-roster-gladbach-2026-27-full.json,PASS,Identity/position/club evidence present; not claimed as materialized in W3.1 Mathias-36 release scope.
Florian,A49:C49,Vidovic,Gabriel Vidovic,M,M,09c0224d-f5e9-4e4b-80b2-58c4f0840667,SC Paderborn 07,CURRENT_BUNDESLIGA_CLUB,89fdd3f0-b5d4-452a-83f6-729e6f009ad5,IDENTITY_LEGITIMATED,ssot-legit:0c95992b-14b1-4745-b7cc-5a34ea5c56c5,,,,pilot_data/w3_1/ssot_supply/evidence-run-01/dec030-paderborn-player-decisions-2026-09-05.json,pilot_data/w3_1/ssot_supply/evidence-run-01/canonical/kicker-roster-paderborn-2026-27-full.json,PASS,Identity/position/club evidence present; not claimed as materialized in W3.1 Mathias-36 release scope.
Florian,A50:C50,Ndiaye,Bara Sapoko Ndiaye,M,M,b943cc83-aae7-4297-bf51-cf51982eb26e,FC Bayern München,CURRENT_BUNDESLIGA_CLUB,5e5baf09-5fef-46b3-8db4-361565c5a484,IDENTITY_LEGITIMATED,ssot-legit:dc307c7d-c09d-4f7c-958b-d9a0b96f9b8f,,,,pilot_data/w3_1/ssot_supply/evidence-run-01/dec030-bayern-player-decisions-2026-09-05.json,pilot_data/w3_1/ssot_supply/evidence-run-01/canonical/kicker-roster-bayern-2026-27-full.json,PASS,Identity/position/club evidence present; not claimed as materialized in W3.1 Mathias-36 release scope.
Florian,A51:C51,Bolin,Hugo Bolin,M,M,33942197-4c9a-4d38-afc7-894fa9eee8de,Borussia Mönchengladbach,CURRENT_BUNDESLIGA_CLUB,f97c8435-a5dd-4a19-8d09-347f6fa31a4f,IDENTITY_LEGITIMATED,ssot-legit:c2d7b817-4e6a-4c1b-aa33-f49b427bd962,,,,pilot_data/w3_1/ssot_supply/evidence-run-01/dec030-gladbach-player-decisions-2026-09-05.json,pilot_data/w3_1/ssot_supply/evidence-run-01/canonical/kicker-roster-gladbach-2026-27-full.json,PASS,Identity/position/club evidence present; not claimed as materialized in W3.1 Mathias-36 release scope.
Florian,A52:C52,Chema,Chema Andrés,M,M,56d6d10b-dc06-40d0-9a33-b391499086d1,Brighton & Hove Albion,OUTSIDE_BUNDESLIGA,,IDENTITY_LEGITIMATED,ssot-legit:b3e9417d-7167-4078-a343-69f33d82becb,,,,pilot_data/w3_2/comparison_ssot/dec030-comparison-rest18-2026-09-09.json,https://www.kicker.de/chema-andres/spieler;https://www.brightonandhovealbion.com/media-article/mft-transfer-news-chema-andres-stuttgart-september-2026,PASS,Identity/position/club evidence present; not claimed as materialized in W3.1 Mathias-36 release scope.
Florian,A53:C53,Kade,Anton Kade,M,M,d6083112-4f6f-43ae-8f45-ae7deaf0882b,FC Augsburg,CURRENT_BUNDESLIGA_CLUB,3a57ccaf-f710-46bd-9526-1d165bebf215,IDENTITY_LEGITIMATED,ssot-legit:b09e7a6c-0622-49f2-870c-0f6c07291c4f,,,,pilot_data/w3_1/ssot_supply/evidence-run-01/dec030-augsburg-player-decisions.json,pilot_data/w3_1/ssot_supply/evidence-run-01/canonical/kicker-roster-augsburg-2026-27-full.json,PASS,Identity/position/club evidence present; not claimed as materialized in W3.1 Mathias-36 release scope.
Florian,A54:C54,Heskey,Reigan Heskey,M,M,c6e79b24-7272-454e-bebb-a256c86670b0,1. FC Köln,CURRENT_BUNDESLIGA_CLUB,92149536-119c-46fd-b4fa-e89360d7befb,IDENTITY_LEGITIMATED,ssot-legit:c6ca47ba-0620-4655-85ae-3dd4e879ee4b,,,,pilot_data/w3_1/ssot_supply/evidence-run-01/dec030-koeln-player-decisions-2026-09-05.json,pilot_data/w3_1/ssot_supply/evidence-run-01/canonical/kicker-roster-koeln-2026-27-full.json,PASS,Identity/position/club evidence present; not claimed as materialized in W3.1 Mathias-36 release scope.
Florian,A55:C55,Aesko,Noel Aseko,M,M,a15b5dd3-32df-4164-8767-745d20e1be36,Eintracht Frankfurt,CURRENT_BUNDESLIGA_CLUB,9c5535c8-dcbb-4698-a1ad-ad255e9c3ad3,IDENTITY_LEGITIMATED,ssot-legit:91a1981b-af6d-4f91-b349-dfea4c72b76d,,,,pilot_data/w3_1/ssot_supply/evidence-run-01/dec030-frankfurt-player-decisions-2026-09-05.json,pilot_data/w3_1/ssot_supply/evidence-run-01/canonical/kicker-roster-frankfurt-2026-27-full.json,PASS,Identity/position/club evidence present; not claimed as materialized in W3.1 Mathias-36 release scope.
Florian,A56:C56,Yamamoto,Rihito Yamamoto,M,M,a470bf20-0b0c-43dd-ab66-8dcf0f4ec5a9,SC Freiburg,CURRENT_BUNDESLIGA_CLUB,219aec8e-8fcc-417e-a5ab-fba932920838,IDENTITY_LEGITIMATED,ssot-legit:622c5f4f-1a03-44b0-8ce7-418fe8a0508e,,,,pilot_data/w3_1/ssot_supply/evidence-run-01/dec030-freiburg-player-decisions.json,pilot_data/w3_1/ssot_supply/evidence-run-01/canonical/kicker-roster-freiburg-2026-27-full.json,PASS,Identity/position/club evidence present; not claimed as materialized in W3.1 Mathias-36 release scope.
Florian,A57:C57,Kömür,Mert Kömür,M,M,7d99acac-12b7-4473-a8e0-1c6ca08ed5af,FC Augsburg,CURRENT_BUNDESLIGA_CLUB,3a57ccaf-f710-46bd-9526-1d165bebf215,IDENTITY_LEGITIMATED,ssot-legit:5772f938-8a99-4f02-bdba-c217289accdb,,,,pilot_data/w3_1/ssot_supply/evidence-run-01/dec030-augsburg-player-decisions.json,pilot_data/w3_1/ssot_supply/evidence-run-01/canonical/kicker-roster-augsburg-2026-27-full.json,PASS,Identity/position/club evidence present; not claimed as materialized in W3.1 Mathias-36 release scope.
Florian,A58:C58,Haberer,Janik Haberer,M,M,ce85ea3c-1426-4c38-bcdb-625fd005b7be,1. FC Union Berlin,CURRENT_BUNDESLIGA_CLUB,237bae42-cb35-4cb3-8e8d-3951c14e0e48,IDENTITY_LEGITIMATED,ssot-legit:49fec34c-7177-427a-9899-89ee0f55b401,,,,pilot_data/w3_1/ssot_supply/evidence-run-01/dec030-union-berlin-player-decisions-2026-09-05.json,pilot_data/w3_1/ssot_supply/evidence-run-01/canonical/kicker-roster-union-berlin-2026-27-full.json,PASS,Identity/position/club evidence present; not claimed as materialized in W3.1 Mathias-36 release scope.
Florian,A59:C59,Skarke,Tim Skarke,M,M,895dc0c0-4822-47f1-94e3-9abfc01022e4,1. FC Union Berlin,CURRENT_BUNDESLIGA_CLUB,237bae42-cb35-4cb3-8e8d-3951c14e0e48,IDENTITY_LEGITIMATED,ssot-legit:fb8c5906-ed56-49df-af15-2b8da1934952,,,,pilot_data/w3_1/ssot_supply/evidence-run-01/dec030-union-berlin-player-decisions-2026-09-05.json,pilot_data/w3_1/ssot_supply/evidence-run-01/canonical/kicker-roster-union-berlin-2026-27-full.json,PASS,Identity/position/club evidence present; not claimed as materialized in W3.1 Mathias-36 release scope.
Florian,A60:C60,Conte,Bambasé Conté,M,M,78e7f5a3-3e64-4dfb-a756-cdb6bc11f385,TSG Hoffenheim,CURRENT_BUNDESLIGA_CLUB,eabf1c96-ac52-467b-934e-b11a9843778b,IDENTITY_LEGITIMATED,ssot-legit:6dc7e15a-3a2b-4228-a8ef-4ffd1141e8cb,,,,pilot_data/w3_1/ssot_supply/evidence-run-01/dec030-hoffenheim-player-decisions-2026-09-05.json,pilot_data/w3_1/ssot_supply/evidence-run-01/canonical/kicker-roster-hoffenheim-2026-27-full.json,PASS,Identity/position/club evidence present; not claimed as materialized in W3.1 Mathias-36 release scope.
Florian,A61:C61,Culbreath,Montrell Culbreath,M,M,d9ccd92a-bd26-4241-81ae-7853edbc475a,Bayer 04 Leverkusen,CURRENT_BUNDESLIGA_CLUB,03a4b4b3-6cf6-48c6-839b-d80b3a9069c3,IDENTITY_LEGITIMATED,ssot-legit:90500ea7-cdd9-43ba-8107-b83f1db161c7,,,,pilot_data/w3_1/ssot_supply/evidence-run-01/dec030-leverkusen-player-decisions-2026-09-05.json,pilot_data/w3_1/ssot_supply/evidence-run-01/canonical/kicker-roster-leverkusen-2026-27-full.json,PASS,Identity/position/club evidence present; not claimed as materialized in W3.1 Mathias-36 release scope.
Florian,A62:C62,Dinkci,Eren Dinkçi,M,M,dcf806c4-83c1-4e17-bf8a-e8e69fec388a,SV Werder Bremen,CURRENT_BUNDESLIGA_CLUB,965e7790-3520-4864-8cb2-da450c415a3b,IDENTITY_LEGITIMATED,ssot-legit:30d0cf1f-3f0b-4218-826d-bacc59ec258e,,,,pilot_data/w3_1/ssot_supply/evidence-run-01/dec030-bremen-player-decisions-2026-09-05.json,pilot_data/w3_1/ssot_supply/evidence-run-01/canonical/kicker-roster-bremen-2026-27-full.json,PASS,Identity/position/club evidence present; not claimed as materialized in W3.1 Mathias-36 release scope.
Florian,A63:C63,Fernandez,Ezequiel Fernández,M,M,d53bd393-a54c-4c8c-b530-dbed667dcc80,Bayer 04 Leverkusen,CURRENT_BUNDESLIGA_CLUB,03a4b4b3-6cf6-48c6-839b-d80b3a9069c3,IDENTITY_LEGITIMATED,ssot-legit:9157d5b9-a622-4f86-9d57-ac98f28fafd7,,,,pilot_data/w3_1/ssot_supply/evidence-run-01/dec030-leverkusen-player-decisions-2026-09-05.json,pilot_data/w3_1/ssot_supply/evidence-run-01/canonical/kicker-roster-leverkusen-2026-27-full.json,PASS,Identity/position/club evidence present; not claimed as materialized in W3.1 Mathias-36 release scope.
Florian,A64:C64,Seiwald,Nicolas Seiwald,M,M,710046d0-0950-40de-b886-64b0eafaa674,RB Leipzig,CURRENT_BUNDESLIGA_CLUB,5b024d53-f276-41b4-8999-40c731f7efcb,IDENTITY_LEGITIMATED,ssot-legit:3a2d5f79-c34f-4430-a470-5378788d2e87,,,,pilot_data/w3_1/ssot_supply/evidence-run-01/dec030-leipzig-player-decisions-2026-09-05.json,pilot_data/w3_1/ssot_supply/evidence-run-01/canonical/kicker-roster-leipzig-2026-27-full.json,PASS,Identity/position/club evidence present; not claimed as materialized in W3.1 Mathias-36 release scope.
Florian,A65:C65,Larsson,Hugo Larsson,M,M,836f90ce-f449-4306-84a1-10034b0724dd,Fulham FC,OUTSIDE_BUNDESLIGA,,IDENTITY_LEGITIMATED,ssot-legit:209638d5-fd0f-4531-8a6b-624c90ae0fcc,,,,pilot_data/w3_2/comparison_ssot/dec030-comparison-rest18-2026-09-09.json,https://www.kicker.de/hugo-larsson/laufbahn/dfb-pokal/2025-26/eintracht-frankfurt;https://en.eintracht.de/news/leihe-hugo-larsson-179016/;https://www.fulhamfc.com/news/2026/september/01/hugo-larsson-arrives-from-frankfurt/,PASS,Identity/position/club evidence present; not claimed as materialized in W3.1 Mathias-36 release scope.
Florian,A66:C66,David Santos,David Santos Daiber,M,M,1a39dc0a-2c86-4237-b4b2-7881f2262c9a,FC Bayern München,CURRENT_BUNDESLIGA_CLUB,5e5baf09-5fef-46b3-8db4-361565c5a484,IDENTITY_LEGITIMATED,ssot-legit:644b0bc6-e085-4115-9f7d-e387a4307f36,,,,pilot_data/w3_1/ssot_supply/evidence-run-01/dec030-bayern-player-decisions-2026-09-05.json,pilot_data/w3_1/ssot_supply/evidence-run-01/canonical/kicker-roster-bayern-2026-27-full.json,PASS,Identity/position/club evidence present; not claimed as materialized in W3.1 Mathias-36 release scope.
Florian,A67:C67,Kemlein,Aljoscha Kemlein,M,M,a30bf761-17cc-4820-9870-1df9708eb147,1. FC Union Berlin,CURRENT_BUNDESLIGA_CLUB,237bae42-cb35-4cb3-8e8d-3951c14e0e48,IDENTITY_LEGITIMATED,ssot-legit:f6f1db28-b6e9-424b-a4fd-7b9d4ae22774,,,,pilot_data/w3_1/ssot_supply/evidence-run-01/dec030-union-berlin-player-decisions-2026-09-05.json,pilot_data/w3_1/ssot_supply/evidence-run-01/canonical/kicker-roster-union-berlin-2026-27-full.json,PASS,Identity/position/club evidence present; not claimed as materialized in W3.1 Mathias-36 release scope.
Florian,A68:C68,Füllkrug,Niclas Füllkrug,S,S,90125245-eae4-4f51-9ea2-d5c32589b0d0,SV Werder Bremen,CURRENT_BUNDESLIGA_CLUB,965e7790-3520-4864-8cb2-da450c415a3b,IDENTITY_LEGITIMATED,ssot-legit:717a3fc3-2dc0-48fa-89a3-2d26dcf06ca1,,,,pilot_data/w3_1/ssot_supply/evidence-run-01/dec030-bremen-player-decisions-2026-09-05.json,pilot_data/w3_1/ssot_supply/evidence-run-01/canonical/kicker-roster-bremen-2026-27-full.json,PASS,Identity/position/club evidence present; not claimed as materialized in W3.1 Mathias-36 release scope.
Florian,A69:C69,Olise,Michael Olise,S,S,23588ff6-cde9-4393-9a84-993bcb296e5c,FC Bayern München,CURRENT_BUNDESLIGA_CLUB,5e5baf09-5fef-46b3-8db4-361565c5a484,IDENTITY_LEGITIMATED,ssot-legit:7e5e774d-ddd9-4deb-803d-179234115eaa,,,,pilot_data/w3_1/ssot_supply/evidence-run-01/dec030-bayern-player-decisions-2026-09-05.json,pilot_data/w3_1/ssot_supply/evidence-run-01/canonical/kicker-roster-bayern-2026-27-full.json,PASS,Identity/position/club evidence present; not claimed as materialized in W3.1 Mathias-36 release scope.
Florian,A70:C70,Saibari,Ismael Saibari,S,S,a0eb1307-5176-4e17-a709-5ff4548c9ddd,FC Bayern München,CURRENT_BUNDESLIGA_CLUB,5e5baf09-5fef-46b3-8db4-361565c5a484,IDENTITY_LEGITIMATED,ssot-legit:f063f19a-5cb9-4853-88db-b9fef90c9693,,,,pilot_data/w3_1/ssot_supply/evidence-run-01/dec030-bayern-player-decisions-2026-09-05.json,pilot_data/w3_1/ssot_supply/evidence-run-01/canonical/kicker-roster-bayern-2026-27-full.json,PASS,Identity/position/club evidence present; not claimed as materialized in W3.1 Mathias-36 release scope.
Florian,A71:C71,Romulo,Rômulo Cardoso,S,S,d921a2d9-8c3c-4a4c-a45a-08961bb39cc6,RB Leipzig,CURRENT_BUNDESLIGA_CLUB,5b024d53-f276-41b4-8999-40c731f7efcb,IDENTITY_LEGITIMATED,ssot-legit:711d370c-2c6f-487b-acb8-03606c64fbeb,,,,pilot_data/w3_1/ssot_supply/evidence-run-01/dec030-leipzig-player-decisions-2026-09-05.json,pilot_data/w3_1/ssot_supply/evidence-run-01/canonical/kicker-roster-leipzig-2026-27-full.json,PASS,Identity/position/club evidence present; not claimed as materialized in W3.1 Mathias-36 release scope.
Florian,A72:C72,Lemperle,Tim Lemperle,S,S,3539e194-d89d-4f71-ba8b-94478f1f522e,TSG Hoffenheim,CURRENT_BUNDESLIGA_CLUB,eabf1c96-ac52-467b-934e-b11a9843778b,IDENTITY_LEGITIMATED,ssot-legit:03af92e8-acac-4016-9a26-4ac58f5bbe08,,,,pilot_data/w3_1/ssot_supply/evidence-run-01/dec030-hoffenheim-player-decisions-2026-09-05.json,pilot_data/w3_1/ssot_supply/evidence-run-01/canonical/kicker-roster-hoffenheim-2026-27-full.json,PASS,Identity/position/club evidence present; not claimed as materialized in W3.1 Mathias-36 release scope.
Florian,A73:C73,Ache,Ragnar Ache,S,S,35c63350-9f5d-428b-9ff6-0e05a6a8329d,1. FC Köln,CURRENT_BUNDESLIGA_CLUB,92149536-119c-46fd-b4fa-e89360d7befb,IDENTITY_LEGITIMATED,ssot-legit:ac59a0a9-84db-461d-8c83-2092d17c00fb,,,,pilot_data/w3_1/ssot_supply/evidence-run-01/dec030-koeln-player-decisions-2026-09-05.json,pilot_data/w3_1/ssot_supply/evidence-run-01/canonical/kicker-roster-koeln-2026-27-full.json,PASS,Identity/position/club evidence present; not claimed as materialized in W3.1 Mathias-36 release scope.
Florian,A74:C74,Nusa,Antonio Nusa,S,S,91912529-c047-42cf-9a9b-3895836ad141,RB Leipzig,CURRENT_BUNDESLIGA_CLUB,5b024d53-f276-41b4-8999-40c731f7efcb,IDENTITY_LEGITIMATED,ssot-legit:b910ad32-40ed-4d06-a0ff-df75ad4dba7c,,,,pilot_data/w3_1/ssot_supply/evidence-run-01/dec030-leipzig-player-decisions-2026-09-05.json,pilot_data/w3_1/ssot_supply/evidence-run-01/canonical/kicker-roster-leipzig-2026-27-full.json,PASS,Identity/position/club evidence present; not claimed as materialized in W3.1 Mathias-36 release scope.
Florian,A75:C75,Inacio,Samuele Inacio,S,S,68dcf170-7b6b-4f8e-a52e-176671f4a513,Borussia Dortmund,CURRENT_BUNDESLIGA_CLUB,02b0d742-c110-40ac-8bf1-ed45a4b80377,IDENTITY_LEGITIMATED,ssot-legit:32ae412c-404f-419f-8e56-f4f473b8cd2d,,,,pilot_data/w3_1/ssot_supply/evidence-run-01/dec030-dortmund-player-decisions-2026-09-05.json,pilot_data/w3_1/ssot_supply/evidence-run-01/canonical/kicker-roster-dortmund-2026-27-full.json,PASS,Identity/position/club evidence present; not claimed as materialized in W3.1 Mathias-36 release scope.
Florian,A76:C76,Harder,Conrad Harder,S,S,02c8e9e5-1217-455b-9755-8cf23f5998ef,Racing Straßburg,OUTSIDE_BUNDESLIGA,,IDENTITY_LEGITIMATED,ssot-legit:2abcf608-943b-42dc-b1bc-d6f76e08b3ed,,,,pilot_data/w3_1/ssot_supply/evidence-run-01/dec030-leipzig-player-decisions-2026-09-05.json,pilot_data/w3_1/ssot_supply/evidence-run-01/canonical/kicker-roster-leipzig-2026-27-full.json,PASS,Identity/position/club evidence present; not claimed as materialized in W3.1 Mathias-36 release scope.
Florian,A77:C77,Morstedt,Max Moerstedt,S,S,468bf087-9a32-4de4-b5c8-cf3b7b50f8a1,TSG Hoffenheim,CURRENT_BUNDESLIGA_CLUB,eabf1c96-ac52-467b-934e-b11a9843778b,IDENTITY_LEGITIMATED,ssot-legit:c2034e04-361f-42fa-a21e-67e674171ef9,,,,pilot_data/w3_1/ssot_supply/evidence-run-01/dec030-hoffenheim-player-decisions-2026-09-05.json,pilot_data/w3_1/ssot_supply/evidence-run-01/canonical/kicker-roster-hoffenheim-2026-27-full.json,PASS,Identity/position/club evidence present; not claimed as materialized in W3.1 Mathias-36 release scope.
Florian,A78:C78,Moreira,Afonso Moreira,S,S,1b4327cb-73a9-4824-b0a9-605007d9fd3a,Bayer 04 Leverkusen,CURRENT_BUNDESLIGA_CLUB,03a4b4b3-6cf6-48c6-839b-d80b3a9069c3,IDENTITY_LEGITIMATED,ssot-legit:8e5b151b-4a89-44e1-abe2-38d1dd53238a,,,,pilot_data/w3_1/ssot_supply/evidence-run-01/dec030-leverkusen-player-decisions-2026-09-05.json,pilot_data/w3_1/ssot_supply/evidence-run-01/canonical/kicker-roster-leverkusen-2026-27-full.json,PASS,Identity/position/club evidence present; not claimed as materialized in W3.1 Mathias-36 release scope.
Florian,A79:C79,Ribeiro,Rodrigo Ribeiro,S,S,36fba9d6-8973-4987-8577-e2079d115e2a,FC Augsburg,CURRENT_BUNDESLIGA_CLUB,3a57ccaf-f710-46bd-9526-1d165bebf215,IDENTITY_LEGITIMATED,ssot-legit:c7bace9c-5d02-4485-be39-3cda433d3206,,,,pilot_data/w3_1/ssot_supply/evidence-run-01/dec030-augsburg-player-decisions.json,pilot_data/w3_1/ssot_supply/evidence-run-01/canonical/kicker-roster-augsburg-2026-27-full.json,PASS,Identity/position/club evidence present; not claimed as materialized in W3.1 Mathias-36 release scope.
Florian,A80:C80,Daghim,Adam Daghim,S,S,abc5eb96-ad3e-45b2-ac2d-9a577e6897c3,TSG Hoffenheim,CURRENT_BUNDESLIGA_CLUB,eabf1c96-ac52-467b-934e-b11a9843778b,IDENTITY_LEGITIMATED,ssot-legit:8438fce6-ba43-44c5-a267-b6c682863a8d,,,,pilot_data/w3_1/ssot_supply/evidence-run-01/dec030-hoffenheim-player-decisions-2026-09-05.json,pilot_data/w3_1/ssot_supply/evidence-run-01/canonical/kicker-roster-hoffenheim-2026-27-full.json,PASS,Identity/position/club evidence present; not claimed as materialized in W3.1 Mathias-36 release scope.
Florian,A81:C81,Arevalo,Jeremy Arevalo,S,S,2e0a2913-cf5a-4adb-9dcb-8bdb1c9f0a92,VfB Stuttgart,CURRENT_BUNDESLIGA_CLUB,1f193f57-cb65-4399-9373-7800d6600692,IDENTITY_LEGITIMATED,ssot-legit:c7b99fac-cfd0-4903-8a6c-24167e81d253,,,,pilot_data/w3_1/ssot_supply/evidence-run-01/dec030-stuttgart-player-decisions-2026-09-05.json,pilot_data/w3_1/ssot_supply/evidence-run-01/canonical/kicker-roster-stuttgart-2026-27-full.json,PASS,Identity/position/club evidence present; not claimed as materialized in W3.1 Mathias-36 release scope.
Florian,A82:C82,Niang,Youssoupha Niang,S,S,e218457e-b49e-4468-92b6-0346b41dabf1,FC St. Pauli,OUTSIDE_BUNDESLIGA,,IDENTITY_LEGITIMATED,ssot-legit:6f878a33-a304-43f7-a628-ca16089741c7,,,,pilot_data/w3_2/comparison_ssot/dec030-comparison-rest18-2026-09-09.json,https://www.kicker.de/youssoupha-niang/spieler;https://fc.de/aktuelles/news/fc-verleiht-youssoupha-niang-in-die-2-bundesliga;https://datencenter.dfb.de/en/competitions/2-bundesliga/seasons/2026-2027/teams/fc-st-pauli,PASS,Identity/position/club evidence present; not claimed as materialized in W3.1 Mathias-36 release scope.
Florian,A83:C83,Cvancara,Tomáš Čvančara,S,S,576a7920-39da-4aaa-aecd-330499807e6a,FC Hradec Králové,OUTSIDE_BUNDESLIGA,,IDENTITY_LEGITIMATED,ssot-legit:522d5962-b5fb-40c0-b27b-a996aa529f24,,,,pilot_data/w3_2/comparison_ssot/dec030-comparison-rest18-2026-09-09.json,https://fchk.cz/player/1085/MUZ;https://www.chanceliga.cz/hrac/3592-tomas-cvancara,PASS,Identity/position/club evidence present; not claimed as materialized in W3.1 Mathias-36 release scope.
Florian,A84:C84,Kownacki,Dawid Kownacki,S,S,b906093e-1279-4cf0-8a35-08ea59eafbf9,SV Werder Bremen,CURRENT_BUNDESLIGA_CLUB,965e7790-3520-4864-8cb2-da450c415a3b,IDENTITY_LEGITIMATED,ssot-legit:73acacf7-9e73-42ef-ab8e-04957e507500,,,,pilot_data/w3_1/ssot_supply/evidence-run-01/dec030-bremen-player-decisions-2026-09-05.json,pilot_data/w3_1/ssot_supply/evidence-run-01/canonical/kicker-roster-bremen-2026-27-full.json,PASS,Identity/position/club evidence present; not claimed as materialized in W3.1 Mathias-36 release scope.
Florian,A85:C85,Tella,Nathan Tella,S,S,46fe61b7-3fa6-40ef-a144-47854b093755,Bayer 04 Leverkusen,CURRENT_BUNDESLIGA_CLUB,03a4b4b3-6cf6-48c6-839b-d80b3a9069c3,IDENTITY_LEGITIMATED,ssot-legit:452c937e-ffbd-40ae-8d0b-0395dcc4fad1,,,,pilot_data/w3_1/ssot_supply/evidence-run-01/dec030-leverkusen-player-decisions-2026-09-05.json,pilot_data/w3_1/ssot_supply/evidence-run-01/canonical/kicker-roster-leverkusen-2026-27-full.json,PASS,Identity/position/club evidence present; not claimed as materialized in W3.1 Mathias-36 release scope.
Florian,A86:C86,Stange,Otto Stange,S,S,491b18d0-bee2-414b-acfe-31f87780faa0,Hamburger SV,CURRENT_BUNDESLIGA_CLUB,15b40c17-fa0b-4097-9a68-a26c02c49830,IDENTITY_LEGITIMATED,ssot-legit:525efacb-c76e-4937-a50d-e070e080a7e8,,,,pilot_data/w3_1/ssot_supply/evidence-run-01/dec030-hamburg-player-decisions-2026-09-05.json,pilot_data/w3_1/ssot_supply/evidence-run-01/canonical/kicker-roster-hamburg-2026-27-full.json,PASS,Identity/position/club evidence present; not claimed as materialized in W3.1 Mathias-36 release scope.
Florian,A87:C87,Gomis,Tidiam Gomis,S,S,ada319e9-f789-414e-a539-86f7bf7f832d,RB Leipzig,CURRENT_BUNDESLIGA_CLUB,5b024d53-f276-41b4-8999-40c731f7efcb,IDENTITY_LEGITIMATED,ssot-legit:ef0e8095-c561-4231-89ba-2e7bc733c496,,,,pilot_data/w3_1/ssot_supply/evidence-run-01/dec030-leipzig-player-decisions-2026-09-05.json,pilot_data/w3_1/ssot_supply/evidence-run-01/canonical/kicker-roster-leipzig-2026-27-full.json,PASS,Identity/position/club evidence present; not claimed as materialized in W3.1 Mathias-36 release scope.
Florian,A88:C88,Marin Ljubicic,Marin Ljubičić,S,S,6f72dbb7-1e68-4058-8a06-893784eb87c9,1. FC Union Berlin,CURRENT_BUNDESLIGA_CLUB,237bae42-cb35-4cb3-8e8d-3951c14e0e48,IDENTITY_LEGITIMATED,ssot-legit:de08a83c-a6fb-45f7-8ffd-ddf49cbe4587,,,,pilot_data/w3_1/ssot_supply/evidence-run-01/dec030-union-berlin-player-decisions-2026-09-05.json,pilot_data/w3_1/ssot_supply/evidence-run-01/canonical/kicker-roster-union-berlin-2026-27-full.json,PASS,Identity/position/club evidence present; not claimed as materialized in W3.1 Mathias-36 release scope.
Florian,A89:C89,Goto,Keisuke Goto,S,S,40f4d25d-3ad6-415f-bd4f-ae81f95b92f4,SC Freiburg,CURRENT_BUNDESLIGA_CLUB,219aec8e-8fcc-417e-a5ab-fba932920838,IDENTITY_LEGITIMATED,ssot-legit:bb375b9d-49fd-4dbf-abde-0c161e5e2cd2,,,,pilot_data/w3_1/ssot_supply/evidence-run-01/dec030-freiburg-player-decisions.json,pilot_data/w3_1/ssot_supply/evidence-run-01/canonical/kicker-roster-freiburg-2026-27-full.json,PASS,Identity/position/club evidence present; not claimed as materialized in W3.1 Mathias-36 release scope.
Florian,A91:C91,Mikey Moore,Mikey Moore,M,M,32569671-428f-4d23-bc46-936fb7582fec,1. FC Köln,CURRENT_BUNDESLIGA_CLUB,92149536-119c-46fd-b4fa-e89360d7befb,IDENTITY_LEGITIMATED,ssot-legit:21f68a09-85fa-4943-baca-2dd67d4b0604,,,,pilot_data/w3_1/ssot_supply/evidence-run-01/dec030-koeln-player-decisions-2026-09-05.json,pilot_data/w3_1/ssot_supply/evidence-run-01/canonical/kicker-roster-koeln-2026-27-full.json,PASS,Identity/position/club evidence present; not claimed as materialized in W3.1 Mathias-36 release scope.
Florian,A96:C96,Fábio Vieira,Fábio Vieira,M,M,4d85b734-004b-429d-b12e-098a58e3381c,Hamburger SV,CURRENT_BUNDESLIGA_CLUB,15b40c17-fa0b-4097-9a68-a26c02c49830,IDENTITY_LEGITIMATED,ssot-legit:c48d7b7e-8e57-43a0-9943-6040ae916dc4,,,,pilot_data/w3_1/ssot_supply/evidence-run-01/dec030-hamburg-player-decisions-2026-09-05.json,pilot_data/w3_1/ssot_supply/evidence-run-01/canonical/kicker-roster-hamburg-2026-27-full.json,PASS,Identity/position/club evidence present; not claimed as materialized in W3.1 Mathias-36 release scope.
Uwe,A2:C2,Vandervoort,Maarten Vandevoordt,T,T,35498de6-9723-4b38-92b7-4228c0654bf6,RB Leipzig,CURRENT_BUNDESLIGA_CLUB,5b024d53-f276-41b4-8999-40c731f7efcb,IDENTITY_LEGITIMATED,ssot-legit:e057b353-af1e-461d-a63e-e398aa08befc,,,,pilot_data/w3_1/ssot_supply/evidence-run-01/dec030-leipzig-player-decisions-2026-09-05.json,pilot_data/w3_1/ssot_supply/evidence-run-01/canonical/kicker-roster-leipzig-2026-27-full.json,PASS,Identity/position/club evidence present; not claimed as materialized in W3.1 Mathias-36 release scope.
Uwe,A3:C3,Flekken,Mark Flekken,T,T,a5ae0857-5653-4a3a-8b3e-8b73c19c1de9,Bayer 04 Leverkusen,CURRENT_BUNDESLIGA_CLUB,03a4b4b3-6cf6-48c6-839b-d80b3a9069c3,IDENTITY_LEGITIMATED,ssot-legit:ad9bf78f-bea1-48b6-8a19-23a500f15dbb,,,,pilot_data/w3_1/ssot_supply/evidence-run-01/dec030-leverkusen-player-decisions-2026-09-05.json,pilot_data/w3_1/ssot_supply/evidence-run-01/canonical/kicker-roster-leverkusen-2026-27-full.json,PASS,Identity/position/club evidence present; not claimed as materialized in W3.1 Mathias-36 release scope.
Uwe,A4:C4,Blaswich,Janis Blaswich,T,T,d7949634-48a6-4bab-b664-ab627c1a290d,Bayer 04 Leverkusen,CURRENT_BUNDESLIGA_CLUB,03a4b4b3-6cf6-48c6-839b-d80b3a9069c3,IDENTITY_LEGITIMATED,ssot-legit:d142b9ca-eb89-4659-9bab-0780eafa486e,,,,pilot_data/w3_1/ssot_supply/evidence-run-01/dec030-leverkusen-player-decisions-2026-09-05.json,pilot_data/w3_1/ssot_supply/evidence-run-01/canonical/kicker-roster-leverkusen-2026-27-full.json,PASS,Identity/position/club evidence present; not claimed as materialized in W3.1 Mathias-36 release scope.
Uwe,A5:C5,Zingerle,Leopold Zingerle,T,T,64e1fe01-fc38-4cb0-b6dd-d9a1be0ee8f1,RB Leipzig,CURRENT_BUNDESLIGA_CLUB,5b024d53-f276-41b4-8999-40c731f7efcb,IDENTITY_LEGITIMATED,ssot-legit:14bc6920-a50b-40b3-be4e-a1c099fb8f90,,,,pilot_data/w3_1/ssot_supply/evidence-run-01/dec030-leipzig-player-decisions-2026-09-05.json,pilot_data/w3_1/ssot_supply/evidence-run-01/canonical/kicker-roster-leipzig-2026-27-full.json,PASS,Identity/position/club evidence present; not claimed as materialized in W3.1 Mathias-36 release scope.
Uwe,A5:C5,Nyland,Ørjan Nyland,T,T,a42ab973-997a-473a-81d3-f1b9782e3f12,RB Leipzig,CURRENT_BUNDESLIGA_CLUB,5b024d53-f276-41b4-8999-40c731f7efcb,IDENTITY_LEGITIMATED,ssot-legit:32115e49-1494-4930-b4b6-feb94f8e2e7f,,,,pilot_data/w3_1/ssot_supply/evidence-run-01/dec030-leipzig-player-decisions-2026-09-05.json,pilot_data/w3_1/ssot_supply/evidence-run-01/canonical/kicker-roster-leipzig-2026-27-full.json,PASS,Identity/position/club evidence present; not claimed as materialized in W3.1 Mathias-36 release scope.
Uwe,A6:C6,Tapsoba,Edmond Tapsoba,A,A,dfcda9ee-fbf0-4950-a349-24ab4233e2fd,Bayer 04 Leverkusen,CURRENT_BUNDESLIGA_CLUB,03a4b4b3-6cf6-48c6-839b-d80b3a9069c3,IDENTITY_LEGITIMATED,ssot-legit:fa9ee4ec-134f-4d6a-a88b-86fc9c826fe0,,,,pilot_data/w3_1/ssot_supply/evidence-run-01/dec030-leverkusen-player-decisions-2026-09-05.json,pilot_data/w3_1/ssot_supply/evidence-run-01/canonical/kicker-roster-leverkusen-2026-27-full.json,PASS,Identity/position/club evidence present; not claimed as materialized in W3.1 Mathias-36 release scope.
Uwe,A7:C7,Rots,Mats Rots,A,A,35570ec6-8c47-4dfe-9736-52c56e808924,TSG Hoffenheim,CURRENT_BUNDESLIGA_CLUB,eabf1c96-ac52-467b-934e-b11a9843778b,IDENTITY_LEGITIMATED,ssot-legit:38eeb988-a146-495b-adc1-12e6e9f51e47,,,,pilot_data/w3_1/ssot_supply/evidence-run-01/dec030-hoffenheim-player-decisions-2026-09-05.json,pilot_data/w3_1/ssot_supply/evidence-run-01/canonical/kicker-roster-hoffenheim-2026-27-full.json,PASS,Identity/position/club evidence present; not claimed as materialized in W3.1 Mathias-36 release scope.
Uwe,A8:C8,Gadou,Joane Gadou,A,A,58847fa0-5da2-42b3-b5c1-d0dd975c748a,Borussia Dortmund,CURRENT_BUNDESLIGA_CLUB,02b0d742-c110-40ac-8bf1-ed45a4b80377,IDENTITY_LEGITIMATED,ssot-legit:4d7af820-b65e-4610-b876-b534af1b950b,,,,pilot_data/w3_1/ssot_supply/evidence-run-01/dec030-dortmund-player-decisions-2026-09-05.json,pilot_data/w3_1/ssot_supply/evidence-run-01/canonical/kicker-roster-dortmund-2026-27-full.json,PASS,Identity/position/club evidence present; not claimed as materialized in W3.1 Mathias-36 release scope.
Uwe,A9:C9,Lienhardt,Philipp Lienhart,A,A,3c1f2365-3b5e-432a-9e81-c18e9ea889e5,SC Freiburg,CURRENT_BUNDESLIGA_CLUB,219aec8e-8fcc-417e-a5ab-fba932920838,IDENTITY_LEGITIMATED,ssot-legit:78f983d8-24a7-489a-8e86-331f60c52fcd,,,,pilot_data/w3_1/ssot_supply/evidence-run-01/dec030-freiburg-player-decisions.json,pilot_data/w3_1/ssot_supply/evidence-run-01/canonical/kicker-roster-freiburg-2026-27-full.json,PASS,Identity/position/club evidence present; not claimed as materialized in W3.1 Mathias-36 release scope.
Uwe,A10:C10,Raum,David Raum,A,A,88dfbe4a-3988-4a13-b632-886b5fcddb03,RB Leipzig,CURRENT_BUNDESLIGA_CLUB,5b024d53-f276-41b4-8999-40c731f7efcb,IDENTITY_LEGITIMATED,ssot-legit:d1384862-98a0-4f6e-927c-b9e03cb3d7a1,,,,pilot_data/w3_1/ssot_supply/evidence-run-01/dec030-leipzig-player-decisions-2026-09-05.json,pilot_data/w3_1/ssot_supply/evidence-run-01/canonical/kicker-roster-leipzig-2026-27-full.json,PASS,Identity/position/club evidence present; not claimed as materialized in W3.1 Mathias-36 release scope.
Uwe,A11:C11,Assignon,Lorenz Assignon,A,A,649b8ed0-746e-44bc-9c72-090f04ed0d27,VfB Stuttgart,CURRENT_BUNDESLIGA_CLUB,1f193f57-cb65-4399-9373-7800d6600692,IDENTITY_LEGITIMATED,ssot-legit:27810a14-6d61-4d2f-abc9-f964a27402c6,,,,pilot_data/w3_1/ssot_supply/evidence-run-01/dec030-stuttgart-player-decisions-2026-09-05.json,pilot_data/w3_1/ssot_supply/evidence-run-01/canonical/kicker-roster-stuttgart-2026-27-full.json,PASS,Identity/position/club evidence present; not claimed as materialized in W3.1 Mathias-36 release scope.
Uwe,A12:C12,Ito,Hiroki Ito,A,A,e2ba64e0-39f0-4528-8787-f6af414eac8c,FC Bayern München,CURRENT_BUNDESLIGA_CLUB,5e5baf09-5fef-46b3-8db4-361565c5a484,IDENTITY_LEGITIMATED,ssot-legit:6cec2e7c-3b36-44f1-bcab-2c39b103321f,,,,pilot_data/w3_1/ssot_supply/evidence-run-01/dec030-bayern-player-decisions-2026-09-05.json,pilot_data/w3_1/ssot_supply/evidence-run-01/canonical/kicker-roster-bayern-2026-27-full.json,PASS,Identity/position/club evidence present; not claimed as materialized in W3.1 Mathias-36 release scope.
Uwe,A13:C13,Belocian,Jeanuel Belocian,A,A,d768c643-e713-4d55-864a-2581bd48be75,Racing de Santander,OUTSIDE_BUNDESLIGA,,IDENTITY_LEGITIMATED,ssot-legit:60ccd220-74a3-49a4-8d41-3247f7239bec,,,,pilot_data/w3_2/comparison_ssot/dec030-comparison-rest18-2026-09-09.json,https://www.kicker.de/jeanu-l-belocian/spieler;https://www.bayer04.de/en-us/player/werkself/alumni/jeanuel-belocian;https://www.realracingclub.es/noticias/jeanuel-belocian-jugara-en-el-racing-el-curso-202627-cedido-por-el-bayer-leverkusen,PASS,Identity/position/club evidence present; not claimed as materialized in W3.1 Mathias-36 release scope.
Uwe,A14:C14,Quansah,Jarell Quansah,A,A,584f2523-3d6d-45b5-ba28-71af0656bdf8,Bayer 04 Leverkusen,CURRENT_BUNDESLIGA_CLUB,03a4b4b3-6cf6-48c6-839b-d80b3a9069c3,IDENTITY_LEGITIMATED,ssot-legit:3d953b89-8702-469f-b33c-06ca3c8f5c23,,,,pilot_data/w3_1/ssot_supply/evidence-run-01/dec030-leverkusen-player-decisions-2026-09-05.json,pilot_data/w3_1/ssot_supply/evidence-run-01/canonical/kicker-roster-leverkusen-2026-27-full.json,PASS,Identity/position/club evidence present; not claimed as materialized in W3.1 Mathias-36 release scope.
Uwe,A15:C15,Orban,Willi Orbán,A,A,4a2f7f06-f3dd-42d5-85eb-573b37c9d6c9,RB Leipzig,CURRENT_BUNDESLIGA_CLUB,5b024d53-f276-41b4-8999-40c731f7efcb,IDENTITY_LEGITIMATED,ssot-legit:5b988544-de6f-4634-a96b-69b51f265aa7,,,,pilot_data/w3_1/ssot_supply/evidence-run-01/dec030-leipzig-player-decisions-2026-09-05.json,pilot_data/w3_1/ssot_supply/evidence-run-01/canonical/kicker-roster-leipzig-2026-27-full.json,PASS,Identity/position/club evidence present; not claimed as materialized in W3.1 Mathias-36 release scope.
Uwe,A16:C16,Bensebaiini,Ramy Bensebaini,A,A,0cd5d19e-da10-4b8e-8755-e12411804611,Borussia Dortmund,CURRENT_BUNDESLIGA_CLUB,02b0d742-c110-40ac-8bf1-ed45a4b80377,IDENTITY_LEGITIMATED,ssot-legit:dd1f205a-2148-4106-9cf3-f0e5680bce8a,,,,pilot_data/w3_1/ssot_supply/evidence-run-01/dec030-dortmund-player-decisions-2026-09-05.json,pilot_data/w3_1/ssot_supply/evidence-run-01/canonical/kicker-roster-dortmund-2026-27-full.json,PASS,Identity/position/club evidence present; not claimed as materialized in W3.1 Mathias-36 release scope.
Uwe,A17:C17,Chabot,Jeff Chabot,A,A,66b5c9ba-10bc-4080-9ad0-41ad9f000b8c,VfB Stuttgart,CURRENT_BUNDESLIGA_CLUB,1f193f57-cb65-4399-9373-7800d6600692,IDENTITY_LEGITIMATED,ssot-legit:92044c75-796b-4c26-88f1-c71a68dd34e8,,,,pilot_data/w3_1/ssot_supply/evidence-run-01/dec030-stuttgart-player-decisions-2026-09-05.json,pilot_data/w3_1/ssot_supply/evidence-run-01/canonical/kicker-roster-stuttgart-2026-27-full.json,PASS,Identity/position/club evidence present; not claimed as materialized in W3.1 Mathias-36 release scope.
Uwe,A37:C37,Nmecha,Felix Nmecha,M,M,67c2de90-f419-4195-8886-f02669a9f963,Borussia Dortmund,CURRENT_BUNDESLIGA_CLUB,02b0d742-c110-40ac-8bf1-ed45a4b80377,IDENTITY_LEGITIMATED,ssot-legit:ee926dea-0ccd-458e-af67-1a52d3195b46,,,,pilot_data/w3_1/ssot_supply/evidence-run-01/dec030-dortmund-player-decisions-2026-09-05.json,pilot_data/w3_1/ssot_supply/evidence-run-01/canonical/kicker-roster-dortmund-2026-27-full.json,PASS,Identity/position/club evidence present; not claimed as materialized in W3.1 Mathias-36 release scope.
Uwe,A38:C38,Baumgartner,Christoph Baumgartner,M,M,93f93099-86e1-4b12-a9ac-57777552d5c6,RB Leipzig,CURRENT_BUNDESLIGA_CLUB,5b024d53-f276-41b4-8999-40c731f7efcb,IDENTITY_LEGITIMATED,ssot-legit:0a35fe92-d9f4-4355-ba81-8d5a10a90408,,,,pilot_data/w3_1/ssot_supply/evidence-run-01/dec030-leipzig-player-decisions-2026-09-05.json,pilot_data/w3_1/ssot_supply/evidence-run-01/canonical/kicker-roster-leipzig-2026-27-full.json,PASS,Identity/position/club evidence present; not claimed as materialized in W3.1 Mathias-36 release scope.
Uwe,A39:C39,Campbell,Cole Campbell,M,M,a7ca9d0a-40c5-4e52-bbbb-d6c7df975e88,SV Elversberg,CURRENT_BUNDESLIGA_CLUB,2533a473-468d-4bf7-b7db-69129a0f086e,IDENTITY_LEGITIMATED,ssot-legit:7b6a25cb-391f-4c40-9e66-61dbf7988e4b,,,,pilot_data/w3_1/ssot_supply/evidence-run-01/dec030-elversberg-player-decisions-2026-09-05.json,pilot_data/w3_1/ssot_supply/evidence-run-01/canonical/kicker-roster-elversberg-2026-27-full.json,PASS,Identity/position/club evidence present; not claimed as materialized in W3.1 Mathias-36 release scope.
Uwe,A40:C40,Stage,Jens Stage,M,M,d1a7f50b-e458-4d2b-92ff-a710c9a76e1e,SV Werder Bremen,CURRENT_BUNDESLIGA_CLUB,965e7790-3520-4864-8cb2-da450c415a3b,IDENTITY_LEGITIMATED,ssot-legit:73c442db-e991-4c1d-8e86-df933afd1ef9,,,,pilot_data/w3_1/ssot_supply/evidence-run-01/dec030-bremen-player-decisions-2026-09-05.json,pilot_data/w3_1/ssot_supply/evidence-run-01/canonical/kicker-roster-bremen-2026-27-full.json,PASS,Identity/position/club evidence present; not claimed as materialized in W3.1 Mathias-36 release scope.
Uwe,A41:C41,Andrich,Robert Andrich,M,M,91da4286-8182-46da-bc50-4fee67e9a472,Bayer 04 Leverkusen,CURRENT_BUNDESLIGA_CLUB,03a4b4b3-6cf6-48c6-839b-d80b3a9069c3,IDENTITY_LEGITIMATED,ssot-legit:52a52b52-c272-4860-93c7-e69f0c5cd5d8,,,,pilot_data/w3_1/ssot_supply/evidence-run-01/dec030-leverkusen-player-decisions-2026-09-05.json,pilot_data/w3_1/ssot_supply/evidence-run-01/canonical/kicker-roster-leverkusen-2026-27-full.json,PASS,Identity/position/club evidence present; not claimed as materialized in W3.1 Mathias-36 release scope.
Uwe,A42:C42,Karl,Lennart Karl,M,M,4e98248d-b50b-4db1-ab7f-9cec50d0a4ea,FC Bayern München,CURRENT_BUNDESLIGA_CLUB,5e5baf09-5fef-46b3-8db4-361565c5a484,IDENTITY_LEGITIMATED,ssot-legit:95f096e7-26b2-4d67-a3b7-97b7b6c06a61,,,,pilot_data/w3_1/ssot_supply/evidence-run-01/dec030-bayern-player-decisions-2026-09-05.json,pilot_data/w3_1/ssot_supply/evidence-run-01/canonical/kicker-roster-bayern-2026-27-full.json,PASS,Identity/position/club evidence present; not claimed as materialized in W3.1 Mathias-36 release scope.
Uwe,A43:C43,Karaman,Kenan Karaman,M,M,80b50ea2-1647-4781-99bc-3f8a335e61d3,FC Schalke 04,CURRENT_BUNDESLIGA_CLUB,14977262-91bd-4620-8b37-36052935109e,IDENTITY_LEGITIMATED,ssot-legit:64270725-a507-46cb-b7ee-b102b1e7a155,,,,pilot_data/w3_1/ssot_supply/evidence-run-01/dec030-schalke-player-decisions-2026-09-05.json,pilot_data/w3_1/ssot_supply/evidence-run-01/canonical/kicker-roster-schalke-2026-27-full.json,PASS,Identity/position/club evidence present; not claimed as materialized in W3.1 Mathias-36 release scope.
Uwe,A44:C44,Grönbaek,Albert Grønbæk,M,M,26a10854-de3d-4c94-94af-5ab07403f84b,Hamburger SV,CURRENT_BUNDESLIGA_CLUB,15b40c17-fa0b-4097-9a68-a26c02c49830,IDENTITY_LEGITIMATED,ssot-legit:b25e47f2-6449-4981-9412-65c0a845798b,,,,pilot_data/w3_1/ssot_supply/evidence-run-01/dec030-hamburg-player-decisions-2026-09-05.json,pilot_data/w3_1/ssot_supply/evidence-run-01/canonical/kicker-roster-hamburg-2026-27-full.json,PASS,Identity/position/club evidence present; not claimed as materialized in W3.1 Mathias-36 release scope.
Uwe,A45:C45,Jeong,Woo-Yeong Jeong,M,M,80b46c88-cd9f-4d31-acdf-40f396a28cee,1. FC Union Berlin,CURRENT_BUNDESLIGA_CLUB,237bae42-cb35-4cb3-8e8d-3951c14e0e48,IDENTITY_LEGITIMATED,ssot-legit:a82ca8d2-3cc6-45a8-b9ce-dc6983ca0439,,,,pilot_data/w3_1/ssot_supply/evidence-run-01/dec030-union-berlin-player-decisions-2026-09-05.json,pilot_data/w3_1/ssot_supply/evidence-run-01/canonical/kicker-roster-union-berlin-2026-27-full.json,PASS,Identity/position/club evidence present; not claimed as materialized in W3.1 Mathias-36 release scope.
Uwe,A46:C46,Pavlovic,Aleksandar Pavlovic,M,M,72d61221-049d-468e-b777-5bcdcb381af8,FC Bayern München,CURRENT_BUNDESLIGA_CLUB,5e5baf09-5fef-46b3-8db4-361565c5a484,IDENTITY_LEGITIMATED,ssot-legit:e0e708f8-40f9-4a31-8595-7ab4c9a9bd32,,,,pilot_data/w3_1/ssot_supply/evidence-run-01/dec030-bayern-player-decisions-2026-09-05.json,pilot_data/w3_1/ssot_supply/evidence-run-01/canonical/kicker-roster-bayern-2026-27-full.json,PASS,Identity/position/club evidence present; not claimed as materialized in W3.1 Mathias-36 release scope.
Uwe,A47:C47,Führich,Chris Führich,M,M,2900c9fa-22dc-4157-a76c-65d035d06e32,VfB Stuttgart,CURRENT_BUNDESLIGA_CLUB,1f193f57-cb65-4399-9373-7800d6600692,IDENTITY_LEGITIMATED,ssot-legit:d6a9b70d-3c08-4ff6-9756-0e92c361e89e,,,,pilot_data/w3_1/ssot_supply/evidence-run-01/dec030-stuttgart-player-decisions-2026-09-05.json,pilot_data/w3_1/ssot_supply/evidence-run-01/canonical/kicker-roster-stuttgart-2026-27-full.json,PASS,Identity/position/club evidence present; not claimed as materialized in W3.1 Mathias-36 release scope.
Uwe,A48:C48,Nebel,Paul Nebel,M,M,a09a10cf-da75-47b3-9693-d6b157cf2db2,1. FSV Mainz 05,CURRENT_BUNDESLIGA_CLUB,32d37292-0b2b-462e-a536-fa9fbe6d28ae,IDENTITY_LEGITIMATED,ssot-legit:eac73fec-c45f-4047-b7f9-55fccfe65b4d,,,,pilot_data/w3_1/ssot_supply/evidence-run-01/dec030-mainz-player-decisions-2026-09-05.json,pilot_data/w3_1/ssot_supply/evidence-run-01/canonical/kicker-roster-mainz-2026-27-full.json,PASS,Identity/position/club evidence present; not claimed as materialized in W3.1 Mathias-36 release scope.
Uwe,A49:C49,Palacios,Exequiel Palacios,M,M,1cf04569-9181-49d4-b766-ef6286925330,Ipswich Town,OUTSIDE_BUNDESLIGA,,IDENTITY_LEGITIMATED,ssot-legit:4d6bb69a-b73d-4eb9-b04e-a9ce509b2eac,,,,pilot_data/w3_2/comparison_ssot/dec030-comparison-rest18-2026-09-09.json,https://www.kicker.de/exequiel-palacios/spieler;https://www.bayer04.de/en-us/news/bayer04/exequiel-palacios-joins-ipswich-town;https://www.itfc.co.uk/news/2026/august/27/world-cup-winner-palacios-signs/,PASS,Identity/position/club evidence present; not claimed as materialized in W3.1 Mathias-36 release scope.
Uwe,A68:C68,Luiz Diaz,Luis Diaz,S,S,41d40e60-6df3-407d-a556-14cf93ef967c,FC Bayern München,CURRENT_BUNDESLIGA_CLUB,5e5baf09-5fef-46b3-8db4-361565c5a484,IDENTITY_LEGITIMATED,ssot-legit:dc3a8798-8367-4095-81a5-dcd98faedfd1,,,,pilot_data/w3_1/ssot_supply/evidence-run-01/dec030-bayern-player-decisions-2026-09-05.json,pilot_data/w3_1/ssot_supply/evidence-run-01/canonical/kicker-roster-bayern-2026-27-full.json,PASS,Identity/position/club evidence present; not claimed as materialized in W3.1 Mathias-36 release scope.
Uwe,A69:C69,Schick,Patrik Schick,S,S,41ad7fb6-0d35-4a98-af9e-01c597d59fc8,Bayer 04 Leverkusen,CURRENT_BUNDESLIGA_CLUB,03a4b4b3-6cf6-48c6-839b-d80b3a9069c3,IDENTITY_LEGITIMATED,ssot-legit:577be742-6127-47b5-93a9-18b9f268571d,,,,pilot_data/w3_1/ssot_supply/evidence-run-01/dec030-leverkusen-player-decisions-2026-09-05.json,pilot_data/w3_1/ssot_supply/evidence-run-01/canonical/kicker-roster-leverkusen-2026-27-full.json,PASS,Identity/position/club evidence present; not claimed as materialized in W3.1 Mathias-36 release scope.
Uwe,A70:C70,Nkunku,Christopher Nkunku,S,S,9ec8c8c4-0606-4fce-bc29-2810cefb5f33,RB Leipzig,CURRENT_BUNDESLIGA_CLUB,5b024d53-f276-41b4-8999-40c731f7efcb,IDENTITY_LEGITIMATED,ssot-legit:4f229ff2-fb86-44e3-b548-6022afba52cc,,,,pilot_data/w3_1/ssot_supply/evidence-run-01/dec030-leipzig-player-decisions-2026-09-05.json,pilot_data/w3_1/ssot_supply/evidence-run-01/canonical/kicker-roster-leipzig-2026-27-full.json,PASS,Identity/position/club evidence present; not claimed as materialized in W3.1 Mathias-36 release scope.
Uwe,A71:C71,Guirassy,Serhou Guirassy,S,S,d6221abb-26da-4656-b96f-c9ea04c9803d,Borussia Dortmund,CURRENT_BUNDESLIGA_CLUB,02b0d742-c110-40ac-8bf1-ed45a4b80377,IDENTITY_LEGITIMATED,ssot-legit:e76035da-60f7-4ea4-8320-ac5f0f4d2475,,,,pilot_data/w3_1/ssot_supply/evidence-run-01/dec030-dortmund-player-decisions-2026-09-05.json,pilot_data/w3_1/ssot_supply/evidence-run-01/canonical/kicker-roster-dortmund-2026-27-full.json,PASS,Identity/position/club evidence present; not claimed as materialized in W3.1 Mathias-36 release scope.
Uwe,A72:C72,Dzeko,Edin Džeko,S,S,a3f298f1-7a10-472a-9714-86506af759f5,FC Schalke 04,CURRENT_BUNDESLIGA_CLUB,14977262-91bd-4620-8b37-36052935109e,IDENTITY_LEGITIMATED,ssot-legit:f23f69f8-8c84-47b6-b444-dba78a743167,,,,pilot_data/w3_1/ssot_supply/evidence-run-01/dec030-schalke-player-decisions-2026-09-05.json,pilot_data/w3_1/ssot_supply/evidence-run-01/canonical/kicker-roster-schalke-2026-27-full.json,PASS,Identity/position/club evidence present; not claimed as materialized in W3.1 Mathias-36 release scope.
Uwe,A73:C73,Königsdörffer,Ransford Königsdörffer,S,S,017ca365-5327-46dc-8d64-ffab51e205b5,1. FSV Mainz 05,CURRENT_BUNDESLIGA_CLUB,32d37292-0b2b-462e-a536-fa9fbe6d28ae,IDENTITY_LEGITIMATED,ssot-legit:2b38a5c2-1070-4c26-bcf3-9bb7b5e43f4b,,,,pilot_data/w3_1/ssot_supply/evidence-run-01/dec030-mainz-player-decisions-2026-09-05.json,pilot_data/w3_1/ssot_supply/evidence-run-01/canonical/kicker-roster-mainz-2026-27-full.json,PASS,Identity/position/club evidence present; not claimed as materialized in W3.1 Mathias-36 release scope.
